CustomerID,frequency,monetary,recency,M,R,F,RFM_score
12346,1,77183.6,325,5,1,1,7
12347,7,4310.0,1,5,5,5,15
12348,4,1797.24,74,4,2,4,10
12349,1,1757.55,18,4,4,1,9
12350,1,334.4,309,2,1,1,4
12352,8,2506.04,35,5,3,5,13
12353,1,89.0,203,1,1,1,3
12354,1,1079.4,231,4,1,1,6
12355,1,459.4,213,2,1,1,4
12356,3,2811.43,22,5,4,3,12
12357,1,6207.67,32,5,4,1,10
12358,2,1168.06,1,4,5,2,11
12359,4,6310.03,57,5,3,4,12
12360,3,2662.06,51,5,3,3,11
12361,1,189.9,286,1,1,1,3
12362,10,5226.23,2,5,5,5,15
12363,2,552.0,109,3,2,2,7
12364,4,1313.1,7,4,5,4,13
12365,2,641.38,290,3,1,2,6
12367,1,168.9,3,1,5,1,7
12370,4,3541.94,50,5,3,4,12
12371,2,1887.96,44,4,3,2,9
12372,3,1298.04,71,4,3,3,10
12373,1,364.6,310,2,1,1,4
12374,1,742.9300000000001,24,3,4,1,8
12375,2,457.5,10,2,5,2,9
12377,2,1628.12,314,4,1,2,7
12378,1,4008.62,129,5,2,1,8
12379,2,852.24,81,3,2,2,7
12380,4,2724.81,21,5,4,4,13
12381,5,1845.31,4,4,5,4,13
12383,5,1850.56,184,4,1,4,9
12384,2,585.27,28,3,4,2,9
12386,2,401.9,337,2,1,2,5
12388,6,2780.66,15,5,4,4,13
12390,1,549.84,79,3,2,1,6
12391,1,439.66,21,2,4,1,7
12393,4,1582.6000000000001,71,4,3,4,11
12394,2,1272.48,63,4,3,2,9
12395,12,3018.63,18,5,4,5,14
12397,2,2409.9,35,5,3,2,10
12398,1,1635.6599999999999,45,4,3,1,8
12399,4,1108.65,118,4,2,4,10
12401,1,84.3,302,1,1,1,3
12402,1,225.6,322,1,1,1,3
12403,1,427.7,49,2,3,1,6
12405,1,1710.39,148,4,2,1,7
12406,2,3415.3,21,5,4,2,11
12407,5,1708.1200000000001,49,4,3,4,11
12408,5,2888.55,32,5,4,4,13
12409,3,11072.67,78,5,2,3,10
12410,2,693.3299999999999,308,3,1,2,6
12412,3,1226.88,74,4,2,3,9
12413,3,758.1,66,3,3,3,9
12414,3,562.41,216,3,1,3,7
12415,21,124914.53,23,5,4,5,14
12417,9,3649.1,2,5,5,5,15
12418,1,668.58,112,3,2,1,6
12420,1,600.39,63,3,3,1,7
12421,4,807.04,15,3,4,4,11
12422,3,803.5600000000001,95,3,2,3,8
12423,8,1859.31,0,4,5,5,14
12424,2,1760.96,162,4,2,2,8
12425,1,777.2,77,3,2,1,6
12426,1,582.73,194,3,1,1,5
12427,3,825.8,21,3,4,3,10
12428,9,7956.46,25,5,4,5,14
12429,4,3750.4,8,5,5,4,14
12430,1,256.4,42,2,3,1,6
12431,15,6419.95,35,5,3,5,13
12432,5,5059.32,42,5,3,4,12
12433,7,13375.87,0,5,5,5,15
12434,2,806.14,84,3,2,2,7
12435,2,7829.89,79,5,2,2,9
12436,1,509.01,99,3,2,1,6
12437,18,4951.41,1,5,5,5,15
12438,2,2906.85,13,5,4,2,11
12441,1,173.55,366,1,1,1,3
12442,1,172.06,2,1,5,1,7
12444,5,5005.46,20,5,4,4,13
12445,1,133.4,21,1,4,1,6
12446,1,1002.3100000000001,57,4,3,1,8
12447,1,476.49,242,2,1,1,4
12448,1,449.45,43,2,3,1,6
12449,4,4067.29,21,5,4,4,13
12450,2,197.88,155,1,2,2,5
12451,5,9035.52,10,5,5,4,14
12452,2,430.57,16,2,4,2,8
12453,1,707.09,133,3,2,1,6
12454,1,3528.34,55,5,3,1,9
12455,6,2466.86,72,5,2,4,11
12456,3,3181.04,43,5,3,3,11
12457,7,2363.23,65,5,3,5,13
12458,2,947.4,70,4,3,2,9
12461,2,826.88,93,3,2,2,7
12462,2,1189.59,18,4,4,2,10
12463,4,1344.78,52,4,3,4,11
12464,8,1212.05,9,4,5,5,14
12465,2,742.1899999999999,16,3,4,2,9
12468,2,729.5400000000001,187,3,1,2,6
12471,30,19788.65,1,5,5,5,15
12472,7,6572.11,31,5,4,5,14
12473,5,3928.0499999999997,28,5,4,4,13
12474,18,7324.09,16,5,4,5,14
12475,1,723.38,53,3,3,1,7
12476,11,6816.42,15,5,4,5,14
12477,6,13219.74,22,5,4,4,13
12478,1,680.99,3,3,5,1,9
12479,1,527.2,10,3,5,1,9
12480,4,3281.63,27,5,4,4,13
12481,10,5579.82,22,5,4,5,14
12483,8,2484.98,16,5,4,5,14
12484,6,4527.32,32,5,4,4,13
12488,3,1298.66,9,4,5,3,12
12489,1,334.93,335,2,1,1,4
12490,10,5417.93,4,5,5,5,15
12491,1,460.40000000000003,38,2,3,1,6
12492,2,263.21000000000004,62,2,3,2,7
12493,2,433.74,165,2,2,2,6
12494,7,1246.1000000000001,15,4,4,5,13
12497,1,1043.1,81,4,2,1,7
12498,3,403.70000000000005,20,2,4,3,9
12500,11,4257.82,22,5,4,5,14
12501,1,2169.39,336,5,1,1,7
12502,5,3723.87,95,5,2,4,11
12504,2,482.04999999999995,17,2,4,2,8
12506,1,73.5,232,1,1,1,3
12507,3,1304.81,133,4,2,3,9
12508,2,397.88,25,2,4,2,8
12509,1,176.5,283,1,1,1,3
12510,2,982.5699999999999,142,4,2,2,8
12512,2,132.18,65,1,3,2,6
12513,1,612.29,112,3,2,1,6
12514,1,1017.68,266,4,1,1,6
12515,1,383.7,352,2,1,1,4
12516,2,1312.06,77,4,2,2,8
12517,5,2481.6,27,5,4,4,13
12518,5,2056.89,0,5,5,4,14
12519,1,330.84,63,2,3,1,6
12520,5,2634.26,78,5,2,4,11
12521,1,599.68,142,3,2,1,6
12522,2,192.72,38,1,3,2,6
12523,11,1789.77,18,4,4,5,13
12524,8,4485.72,8,5,5,5,15
12526,3,1316.66,0,4,5,3,12
12527,3,348.71000000000004,81,2,2,3,7
12528,6,1933.48,8,4,5,5,14
12530,4,1662.28,59,4,3,4,11
12531,1,125.22,14,1,4,1,6
12532,1,349.83000000000004,29,2,4,1,7
12534,1,1089.18,130,4,2,1,7
12535,2,716.35,91,3,2,2,7
12536,3,12601.830000000002,42,5,3,3,11
12538,1,363.95,28,2,4,1,7
12539,4,5568.35,21,5,4,4,13
12540,17,13400.24,19,5,4,5,14
12541,3,981.18,29,4,4,3,11
12544,1,372.7,35,2,3,1,6
12545,2,1000.39,74,4,2,2,8
12546,2,1161.5,46,4,3,2,9
12547,2,207.79999999999998,197,1,1,2,4
12548,1,95.19999999999999,165,1,2,1,4
12550,1,964.83,78,4,2,1,7
12551,1,168.0,357,1,1,1,3
12552,2,437.82,38,2,3,2,7
12553,10,3692.28,7,5,5,5,15
12556,2,599.56,49,3,3,2,8
12557,5,11990.960000000001,15,5,4,4,13
12558,1,269.96,7,2,5,1,8
12559,2,561.71,310,3,1,2,6
12560,3,2134.01,4,5,5,3,13
12561,1,238.85,302,1,1,1,3
12562,7,3781.7400000000002,7,5,5,5,15
12564,1,456.9,260,2,1,1,4
12565,1,145.92,288,1,1,1,3
12566,1,351.65,85,2,2,1,5
12567,10,9401.28,22,5,4,5,14
12569,32,4124.69,1,5,5,5,15
12571,2,519.61,39,3,3,2,8
12572,2,1020.42,8,4,5,2,11
12573,1,160.54000000000002,226,1,1,1,3
12574,1,218.45,315,1,1,1,3
12576,5,1315.83,35,4,3,4,11
12577,3,626.6,34,3,3,3,9
12578,2,2794.51,20,5,4,2,11
12579,1,440.42,77,2,2,1,5
12580,1,415.7,246,2,1,1,4
12581,1,197.71,39,1,3,1,5
12582,2,511.36,238,3,1,2,6
12583,15,7281.38,2,5,5,5,15
12584,9,2338.15,3,5,5,5,15
12585,2,2040.1,233,4,1,2,7
12586,1,196.94000000000003,16,1,4,1,6
12587,1,144.0,7,1,5,1,7
12588,1,214.89999999999998,38,1,3,1,5
12589,2,646.68,28,3,4,2,9
12590,2,9864.26,210,5,1,2,8
12591,1,452.84999999999997,316,2,1,1,4
12592,2,437.6,91,2,2,2,6
12593,3,418.09999999999997,108,2,2,3,7
12594,10,3338.2200000000003,37,5,3,5,13
12596,2,618.27,50,3,3,2,8
12597,4,3811.22,18,5,4,4,13
12598,8,3023.08,9,5,5,5,15
12599,7,1032.58,28,4,4,5,13
12600,10,2599.04,28,5,4,5,14
12601,5,577.0600000000001,189,3,1,4,8
12602,1,153.12,58,1,3,1,5
12603,1,739.1999999999999,21,3,4,1,8
12604,2,254.18,78,2,2,2,6
12607,1,1579.51,59,4,3,1,8
12609,3,1126.85,77,4,2,3,9
12610,5,2099.54,22,5,4,4,13
12611,1,1193.32,51,4,3,1,8
12612,1,704.0400000000001,73,3,2,1,6
12613,5,3344.38,56,5,3,4,12
12614,1,315.6,277,2,1,1,4
12615,4,2291.19,1,5,5,4,14
12616,2,713.3,94,3,2,2,7
12617,1,352.98,28,2,4,1,7
12618,1,177.31,21,1,4,1,6
12619,9,3641.24,15,5,4,5,14
12620,3,1339.41,14,4,4,3,11
12621,20,13689.67,1,5,5,5,15
12622,1,180.1,231,1,1,1,3
12623,1,305.1,275,2,1,1,4
12624,2,641.13,105,3,2,2,7
12625,2,2683.82,211,5,1,2,8
12626,9,6620.48,22,5,4,5,14
12627,7,4478.53,10,5,5,5,15
12628,3,786.46,3,3,5,3,11
12630,2,1270.88,9,4,5,2,11
12631,1,640.5,56,3,3,1,7
12633,4,2163.98,58,5,3,4,12
12635,2,1689.18,89,4,2,2,8
12637,8,6002.9,66,5,3,5,13
12638,1,671.69,32,3,4,1,8
12639,1,486.1,238,2,1,1,4
12640,3,1174.58,23,4,4,3,11
12641,1,185.9,114,1,2,1,4
12642,3,1013.26,24,4,4,3,11
12643,6,3344.64,127,5,2,5,12
12644,1,477.91,129,2,2,1,5
12645,4,1775.18,33,4,3,4,11
12646,2,1346.97,4,4,5,2,11
12647,12,3722.82,21,5,4,5,14
12648,1,318.05,154,2,2,1,5
12649,3,623.51,106,3,2,3,8
12650,1,314.44,2,2,5,1,8
12651,1,114.0,334,1,1,1,3
12652,1,919.98,330,3,1,1,5
12653,2,2209.85,148,5,2,2,9
12654,5,601.98,10,3,5,4,12
12656,5,4051.17,16,5,4,4,13
12657,4,1643.18,10,4,5,4,13
12658,1,686.05,18,3,4,1,8
12659,1,91.68,29,1,4,1,6
12660,1,245.1,10,1,5,1,7
12662,11,3849.78,0,5,5,5,15
12664,9,4881.88,7,5,5,5,15
12665,1,63.0,324,1,1,1,3
12667,1,620.13,57,3,3,1,7
12668,4,3807.15,11,5,5,4,14
12669,3,2744.0299999999997,150,5,2,3,10
12670,5,2996.05,9,5,5,4,14
12672,1,225.89999999999998,329,1,1,1,3
12673,2,610.52,4,3,5,2,10
12674,4,1970.6,38,4,3,4,11
12676,6,1331.39,24,4,4,5,13
12678,12,17628.46,41,5,3,5,13
12679,4,1113.02,58,4,3,4,11
12680,4,862.81,0,3,5,4,12
12681,22,13787.54,14,5,4,5,14
12682,31,12279.82,3,5,5,5,15
12683,15,8476.57,3,5,5,5,15
12684,7,2283.63,7,5,5,5,15
12685,6,2863.08,27,5,4,5,14
12686,1,89.14,371,1,1,1,3
12688,1,4873.8099999999995,113,5,2,1,8
12689,2,1247.61,25,4,4,2,10
12690,1,389.01,205,2,1,1,4
12691,6,1035.8,27,4,4,5,13
12693,4,855.91,126,3,2,4,9
12694,2,869.67,69,3,3,2,8
12695,4,582.1,6,3,5,4,12
12697,3,957.59,28,4,4,3,11
12700,4,4939.99,7,5,5,4,14
12701,2,797.71,79,3,2,2,7
12702,1,219.0,19,1,4,1,6
12703,1,283.55,70,2,3,1,6
12704,8,2340.84,6,5,5,5,15
12705,9,6868.29,14,5,4,5,14
12707,1,603.42,291,3,1,1,5
12708,10,2712.91,29,5,4,5,14
12709,15,9706.52,14,5,4,5,14
12710,3,1149.02,96,4,2,3,9
12712,13,4396.13,28,5,4,5,14
12713,1,848.55,0,3,5,1,9
12714,5,4708.86,8,5,5,4,14
12715,1,343.36,105,2,2,1,5
12716,2,1053.49,3,4,5,2,11
12717,2,1030.98,150,4,2,2,8
12718,1,238.25,70,1,3,1,5
12719,2,644.95,4,3,5,2,10
12720,25,5781.73,2,5,5,5,15
12721,6,2656.13,31,5,4,5,14
12722,4,997.63,84,4,2,4,10
12723,5,725.07,3,3,5,4,12
12724,4,1031.41,4,4,5,4,13
12725,1,427.8,370,2,1,1,4
12726,7,2609.1,27,5,4,5,14
12727,7,3980.7,10,5,5,5,15
12728,4,836.33,70,3,3,4,10
12729,1,453.01,113,2,2,1,5
12731,12,18895.91,23,5,4,5,14
12732,1,236.26000000000002,179,1,1,1,3
12733,1,383.95,233,2,1,1,4
12734,1,110.39999999999999,352,1,1,1,3
12735,2,779.5699999999999,314,3,1,2,6
12736,1,234.0,332,1,1,1,3
12738,1,155.35,371,1,1,1,3
12739,2,1013.04,77,4,2,2,8
12740,1,427.6,63,2,3,1,6
12743,2,540.13,133,3,2,2,7
12744,7,21279.29,51,5,3,5,13
12747,11,4196.01,1,5,5,5,15
12748,209,33053.19,0,5,5,5,15
12749,5,4090.88,3,5,5,4,14
12750,1,275.88,128,2,2,1,5
12752,1,4366.78,80,5,2,1,8
12753,6,21429.39,22,5,4,5,14
12754,3,3010.74,235,5,1,3,9
12755,2,3811.95,280,5,1,2,8
12756,1,112.07999999999998,86,1,2,1,4
12757,13,7834.650000000001,15,5,4,5,14
12758,2,2791.59,116,5,2,2,9
12759,3,1531.44,51,4,3,3,10
12762,2,1898.52,7,4,5,2,11
12763,2,494.08,137,3,2,2,7
12764,1,1693.88,316,4,1,1,6
12766,7,6989.63,3,5,5,5,15
12769,1,1143.6,238,4,1,1,6
12770,1,1351.45,210,4,1,1,6
12772,1,892.47,59,3,3,1,7
12775,5,1386.04,16,4,4,4,12
12778,6,822.23,19,3,4,5,12
12779,8,3981.36,37,5,3,5,13
12781,2,826.74,63,3,3,2,8
12782,5,2330.92,4,5,5,4,14
12783,6,2225.91,1,5,5,5,15
12784,2,532.8199999999999,8,3,5,2,10
12785,1,311.95,363,2,1,1,4
12787,3,463.66,9,2,5,3,10
12789,1,91.85,64,1,3,1,5
12790,1,324.92,191,2,1,1,4
12791,1,192.60000000000002,373,1,1,1,3
12792,1,400.53999999999996,256,2,1,1,4
12793,2,545.48,334,3,1,2,6
12794,2,860.41,52,3,3,2,8
12795,1,430.48,18,2,4,1,7
12797,1,254.03,365,2,1,1,4
12798,3,6977.04,9,5,5,3,13
12802,1,427.58,186,2,1,1,4
12808,3,483.65000000000003,36,2,3,3,8
12809,1,489.31,177,3,2,1,6
12811,3,514.85,260,3,1,3,7
12812,1,229.64000000000001,44,1,3,1,5
12814,1,125.92,101,1,2,1,4
12815,2,1063.46,147,4,2,2,8
12816,2,572.2,95,3,2,2,7
12817,1,166.04,280,1,1,1,3
12818,1,1542.08,261,4,1,1,6
12820,4,942.34,2,4,5,4,13
12821,1,92.72,213,1,1,1,3
12822,2,948.88,70,4,3,2,9
12823,5,1759.5,74,4,2,4,10
12824,1,397.12,59,2,3,1,6
12826,7,1474.72,2,4,5,5,14
12827,3,430.15000000000003,5,2,5,3,10
12828,6,1018.71,2,4,5,5,14
12829,2,293.0,336,2,1,2,5
12830,6,6814.64,37,5,3,5,13
12831,1,215.05,261,1,1,1,3
12832,2,383.03,31,2,4,2,8
12833,1,417.38,144,2,2,1,5
12834,1,312.38,282,2,1,1,4
12836,4,2610.36,58,5,3,4,12
12837,1,134.1,172,1,2,1,4
12838,2,671.95,33,3,3,2,8
12839,14,5591.42,2,5,5,5,15
12840,4,2726.77,143,5,2,4,11
12841,25,3991.58,4,5,5,5,15
12842,2,1118.99,69,4,3,2,9
12843,8,1702.26,65,4,3,5,12
12844,2,325.96000000000004,28,2,4,2,8
12845,4,354.09,266,2,1,4,7
12847,1,843.64,21,3,4,1,8
12849,2,1010.29,30,4,4,2,10
12851,1,131.81,96,1,2,1,4
12852,1,311.55,294,2,1,1,4
12853,6,1957.1000000000001,134,4,2,5,11
12854,3,1316.25,78,4,2,3,9
12855,1,38.1,372,1,1,1,3
12856,6,2170.78,7,5,5,5,15
12857,2,1106.4,210,4,1,2,7
12863,1,521.2,51,3,3,1,7
12864,1,147.12,137,1,2,1,4
12865,2,1568.23,25,4,4,2,10
12866,1,559.12,282,3,1,1,5
12867,7,4009.34,25,5,4,5,14
12868,6,1607.0600000000002,185,4,1,5,10
12871,2,380.64,83,2,2,2,6
12872,2,599.97,326,3,1,2,6
12873,1,374.0,281,2,1,1,4
12875,2,343.2300000000001,142,2,2,2,6
12876,2,2218.02,57,5,3,2,10
12877,12,1535.77,3,4,5,5,14
12878,2,854.99,235,3,1,2,6
12879,3,573.22,44,3,3,3,9
12881,1,298.0,275,2,1,1,4
12882,2,1463.04,8,4,5,2,11
12883,4,703.47,24,3,4,4,11
12884,1,309.05,87,2,2,1,5
12885,3,1175.22,62,4,3,3,10
12886,2,1378.4,67,4,3,2,9
12888,2,354.12,213,2,1,2,5
12890,1,376.71999999999997,23,2,4,1,7
12891,3,331.0,185,2,1,3,6
12893,1,176.55,30,1,4,1,6
12895,2,372.8,41,2,3,2,7
12897,2,216.5,204,1,1,2,4
12901,28,17654.54,8,5,5,5,15
12902,1,138.68,264,1,1,1,3
12904,2,496.06,17,3,4,2,9
12906,5,2919.81,11,5,5,4,14
12908,2,750.0,175,3,2,2,7
12909,5,2178.67,39,5,3,4,12
12910,8,3075.04,22,5,4,5,14
12912,5,1662.3,2,4,5,4,13
12913,5,2483.63,4,5,5,4,14
12915,2,363.65,148,2,2,2,6
12916,4,2944.95,138,5,2,4,11
12917,1,594.0,127,3,2,1,6
12919,6,1335.19,7,4,5,5,14
12920,1,162.78,16,1,4,1,6
12921,37,16587.09,8,5,5,5,15
12922,1,405.38,160,2,2,1,5
12923,1,172.82,63,1,3,1,5
12924,4,933.7,87,4,2,4,10
12925,2,694.05,4,3,5,2,10
12928,5,2062.7000000000003,34,5,3,4,12
12929,1,117.85,311,1,1,1,3
12930,2,415.8,77,2,2,2,6
12931,15,42055.96,21,5,4,5,14
12933,3,607.53,23,3,4,3,10
12935,7,2160.7,1,5,5,5,15
12936,4,1063.9,16,4,4,4,12
12937,4,1504.27,14,4,4,4,12
12938,1,114.14,25,1,4,1,6
12939,8,11581.8,63,5,3,5,13
12940,2,899.69,54,3,3,2,8
12942,3,675.6,130,3,2,3,8
12944,2,604.51,35,3,3,2,8
12945,1,462.95,287,2,1,1,4
12947,6,1603.99,143,4,2,5,11
12948,7,2064.95,15,5,4,5,14
12949,8,4167.22,30,5,4,5,14
12950,3,1843.0,1,4,5,3,12
12951,6,1064.07,8,4,5,5,14
12952,4,1387.79,5,4,5,4,13
12953,1,329.85,9,2,5,1,8
12955,11,4757.16,0,5,5,5,15
12956,1,108.07,305,1,1,1,3
12957,8,4017.54,9,5,5,5,15
12962,2,266.39,6,2,5,2,9
12963,8,1856.63,7,4,5,5,14
12965,1,769.8100000000001,88,3,2,1,6
12966,1,160.18,9,1,5,1,7
12967,2,1660.9,357,4,1,2,7
12968,1,135.95,111,1,2,1,4
12970,4,405.47,6,2,5,4,11
12971,86,11189.91,3,5,5,5,15
12974,1,144.8,197,1,1,1,3
12976,1,738.6,211,3,1,1,5
12977,1,39.239999999999995,155,1,2,1,4
12980,9,7374.900000000001,157,5,2,5,12
12981,2,372.21999999999997,29,2,4,2,8
12982,1,390.54,242,2,1,1,4
12984,1,97.5,18,1,4,1,6
12985,2,1239.38,0,4,5,2,11
12987,2,558.7,73,3,2,2,7
12988,1,505.82,291,3,1,1,5
12989,15,6924.110000000001,2,5,5,5,15
12990,3,409.5,30,2,4,3,9
12991,2,503.76,22,3,4,2,9
12993,4,414.76,22,2,4,4,10
12994,3,974.4200000000001,3,4,5,3,12
12995,1,211.32,84,1,2,1,4
12997,4,1226.89,21,4,4,4,12
12999,3,455.88,195,2,1,3,6
13000,3,534.85,106,3,2,3,8
13001,13,9785.970000000001,3,5,5,5,15
13002,1,120.94999999999999,317,1,1,1,3
13003,3,149.05,105,1,2,3,6
13004,18,5655.91,11,5,5,5,15
13005,2,513.7,173,3,2,2,7
13006,1,81.57,55,1,3,1,5
13008,1,229.46999999999997,322,1,1,1,3
13011,1,50.550000000000004,371,1,1,1,3
13012,8,1646.8400000000001,8,4,5,5,14
13013,13,4810.9400000000005,0,5,5,5,15
13014,10,3466.2799999999997,10,5,5,5,15
13015,5,3339.64,52,5,3,4,12
13016,3,789.89,72,3,2,3,8
13017,1,204.0,6,1,5,1,7
13018,28,7277.7,15,5,4,5,14
13021,9,2616.38,3,5,5,5,15
13023,2,689.9,63,3,3,2,8
13026,5,975.36,0,4,5,4,13
13027,6,6912.0,113,5,2,5,12
13028,2,661.3199999999999,22,3,4,2,9
13029,3,1247.5,30,4,4,3,11
13030,2,752.4399999999999,10,3,5,2,10
13032,2,1010.18,51,4,3,2,9
13033,1,190.55,356,1,1,1,3
13034,2,642.77,54,3,3,2,8
13035,2,921.88,73,3,2,2,7
13037,3,881.07,137,3,2,3,8
13038,3,908.46,79,3,2,3,8
13040,2,676.99,8,3,5,2,10
13043,1,516.42,272,3,1,1,5
13044,1,560.47,290,3,1,1,5
13045,1,305.28000000000003,98,2,2,1,5
13046,2,629.31,30,3,4,2,9
13047,10,3237.54,31,5,4,5,14
13048,4,1819.41,13,4,4,4,12
13049,2,656.6800000000001,63,3,3,2,8
13050,17,5836.86,14,5,4,5,14
13052,1,348.15000000000003,211,2,1,1,4
13055,3,1214.41,77,4,2,3,9
13058,3,271.40000000000003,24,2,4,3,9
13059,1,183.4,249,1,1,1,3
13060,1,307.53,253,2,1,1,4
13061,1,248.61,71,1,3,1,5
13062,1,346.98,190,2,1,1,4
13064,4,1105.59,12,4,5,4,13
13065,1,205.86,372,1,1,1,3
13066,2,470.8,23,2,4,2,8
13067,1,115.46000000000001,81,1,2,1,4
13068,2,344.0,9,2,5,2,9
13069,24,4431.44,0,5,5,5,15
13070,1,228.8,191,1,1,1,3
13072,1,177.15,266,1,1,1,3
13075,1,919.61,129,3,2,1,6
13077,4,728.02,0,3,5,4,12
13078,26,12627.94,2,5,5,5,15
13079,5,220.10000000000002,3,1,5,4,10
13080,1,58.08,178,1,2,1,4
13081,11,28337.38,11,5,5,5,15
13082,9,3613.63,125,5,2,5,12
13083,2,303.75,3,2,5,2,9
13085,2,416.08000000000004,157,2,2,2,6
13089,97,58762.08,2,5,5,5,15
13090,14,8910.82,8,5,5,5,15
13091,1,345.82,27,2,4,1,7
13092,5,477.83,70,2,3,4,9
13093,8,7832.47,275,5,1,5,11
13094,12,1927.3200000000002,20,4,4,5,13
13095,1,74.39999999999999,70,1,3,1,5
13097,10,6003.22,32,5,4,5,14
13098,28,28882.44,0,5,5,5,15
13099,1,207.35999999999999,98,1,2,1,4
13101,1,101.19,233,1,1,1,3
13102,24,6424.09,0,5,5,5,15
13103,1,243.94,39,1,3,1,5
13104,6,1098.48,2,4,5,5,14
13106,1,76.5,132,1,2,1,4
13107,4,1531.6200000000001,43,4,3,4,11
13108,1,350.06,372,2,1,1,4
13109,2,786.54,59,3,3,2,8
13110,7,1488.67,30,4,4,5,13
13113,24,12245.960000000001,0,5,5,5,15
13115,4,2294.78,11,5,5,4,14
13116,1,501.14,137,3,2,1,6
13117,8,984.91,21,4,4,5,13
13118,5,1197.81,19,4,4,4,12
13120,1,30.599999999999998,238,1,1,1,3
13121,1,283.73,268,2,1,1,4
13122,2,922.39,93,3,2,2,7
13124,3,3756.33,89,5,2,3,10
13126,8,2099.64,4,5,5,5,15
13127,1,259.17,77,2,2,1,5
13130,1,64.0,93,1,2,1,4
13131,3,1073.3,22,4,4,3,11
13132,1,77.3,261,1,1,1,3
13133,2,109.8,273,1,1,2,4
13134,4,1793.58,85,4,2,4,10
13135,1,3096.0,196,5,1,1,7
13136,5,2607.61,55,5,3,4,12
13137,8,3603.29,10,5,5,5,15
13138,6,962.39,21,4,4,5,13
13139,7,5064.94,15,5,4,5,14
13140,3,422.47,107,2,2,3,7
13141,5,2388.75,84,5,2,4,11
13142,1,307.09,18,2,4,1,7
13144,1,110.95,332,1,1,1,3
13145,4,618.52,39,3,3,4,10
13146,1,228.91,25,1,4,1,6
13147,4,712.8000000000001,9,3,5,4,12
13148,12,3683.26,28,5,4,5,14
13149,4,1676.06,13,4,4,4,12
13151,1,1257.8700000000001,295,4,1,1,6
13153,1,486.22,5,2,5,1,8
13155,4,971.76,32,4,4,4,12
13157,4,1741.22,48,4,3,4,11
13158,4,1201.06,94,4,2,4,10
13159,4,1429.35,8,4,5,4,13
13160,1,91.8,21,1,4,1,6
13161,1,112.75,312,1,1,1,3
13162,4,1688.29,121,4,2,4,10
13165,2,1021.48,45,4,3,2,9
13166,1,417.2,282,2,1,1,4
13167,4,791.33,18,3,4,4,11
13168,4,1299.59,35,4,3,4,11
13169,2,712.88,63,3,3,2,8
13170,1,108.81,26,1,4,1,6
13171,3,468.41,21,2,4,3,9
13173,2,353.65,3,2,5,2,9
13174,3,2742.82,15,5,4,3,12
13176,1,481.49,45,2,3,1,6
13177,1,282.45,64,2,3,1,6
13178,11,5725.47,25,5,4,5,14
13182,1,121.18,44,1,3,1,5
13183,9,3957.78,7,5,5,5,15
13184,10,1668.95,14,4,4,5,13
13185,1,71.4,267,1,1,1,3
13186,3,1575.89,39,4,3,3,10
13187,1,236.02,336,1,1,1,3
13188,1,114.60000000000001,10,1,5,1,7
13189,2,260.68,18,2,4,2,8
13192,2,911.94,94,3,2,2,7
13193,1,112.08,60,1,3,1,5
13194,1,60.7,135,1,2,1,4
13196,4,1797.78,10,4,5,4,13
13198,6,3401.2400000000002,9,5,5,5,15
13199,38,9817.12,3,5,5,5,15
13200,4,870.09,18,3,4,4,11
13203,4,869.46,9,3,5,4,12
13207,2,250.26000000000002,14,2,4,2,8
13208,6,1217.65,58,4,3,5,12
13209,8,5891.61,29,5,4,5,14
13210,1,353.48,93,2,2,1,5
13211,3,1095.42,9,4,5,3,12
13212,3,786.83,19,3,4,3,10
13213,5,1520.58,56,4,3,4,11
13216,1,333.74,267,2,1,1,4
13217,3,533.98,121,3,2,3,8
13218,1,62.63999999999999,126,1,2,1,4
13220,4,819.2900000000001,77,3,2,4,9
13221,2,847.41,239,3,1,2,6
13223,2,163.20000000000002,199,1,1,2,4
13224,2,2155.95,59,5,3,2,10
13225,7,6463.84,2,5,5,5,15
13226,1,108.21000000000001,272,1,1,1,3
13227,1,257.7,201,2,1,1,4
13228,1,358.0,80,2,2,1,5
13229,1,160.95,225,1,1,1,3
13230,14,2755.63,3,5,5,5,15
13232,7,1328.35,12,4,5,5,14
13233,2,605.12,73,3,2,2,7
13235,1,1031.07,211,4,1,1,6
13236,2,744.85,24,3,4,2,9
13238,4,700.73,16,3,4,4,11
13239,1,329.56,261,2,1,1,4
13240,4,663.65,95,3,2,4,9
13242,3,270.40000000000003,111,2,2,3,7
13243,1,585.12,202,3,1,1,5
13244,1,121.74000000000001,92,1,2,1,4
13245,1,430.5,50,2,3,1,6
13246,6,1961.52,17,4,4,5,13
13247,4,501.12,17,3,4,4,11
13248,2,465.68,124,2,2,2,6
13249,3,711.41,91,3,2,3,8
13253,2,1030.4,156,4,2,2,8
13255,2,399.51,8,2,5,2,9
13258,3,672.83,11,3,5,3,11
13259,1,283.18,61,2,3,1,6
13260,1,557.62,60,3,3,1,7
13261,2,944.1,268,4,1,2,7
13262,1,200.29,262,1,1,1,3
13263,35,7436.93,0,5,5,5,15
13265,5,2092.66,52,5,3,4,12
13266,12,3834.2599999999998,10,5,5,5,15
13267,19,4521.49,2,5,5,5,15
13268,11,3174.75,17,5,4,5,14
13269,15,5343.28,0,5,5,5,15
13270,1,590.0,365,3,1,1,5
13271,1,211.49,36,1,3,1,5
13272,2,276.56,30,2,4,2,8
13273,1,138.98,112,1,2,1,4
13276,2,590.9300000000001,63,3,3,2,8
13277,4,258.4,15,2,4,4,10
13278,1,542.73,40,3,3,1,7
13279,1,137.75,77,1,2,1,4
13280,3,798.46,121,3,2,3,8
13282,3,1132.14,17,4,4,3,11
13283,2,93.66,59,1,3,2,6
13284,1,201.19,330,1,1,1,3
13285,4,2709.12,22,5,4,4,13
13291,1,361.11,155,2,2,1,5
13292,2,578.9399999999999,38,3,3,2,8
13294,2,873.74,189,3,1,2,6
13295,1,201.20000000000002,359,1,1,1,3
13296,1,87.4,136,1,2,1,4
13297,4,2089.85,7,5,5,4,14
13298,1,360.0,0,2,5,1,8
13299,1,142.5,267,1,1,1,3
13300,1,371.89,168,2,2,1,5
13301,4,618.09,103,3,2,4,9
13302,1,63.75,154,1,2,1,4
13304,1,300.42,350,2,1,1,4
13305,10,2000.86,3,4,5,5,14
13307,1,15.0,119,1,2,1,4
13308,3,1385.51,22,4,4,3,11
13309,5,1456.79,6,4,5,4,13
13310,3,1132.03,27,4,4,3,11
13311,2,598.57,3,3,5,2,10
13313,5,1555.32,21,4,4,4,12
13314,3,775.94,1,3,5,3,11
13316,4,5732.93,36,5,3,4,12
13317,6,2273.68,65,5,3,5,13
13318,3,640.76,0,3,5,3,11
13319,26,10845.550000000001,4,5,5,5,15
13320,4,1532.2,77,4,2,4,10
13321,2,567.36,71,3,3,2,8
13322,1,199.48000000000002,16,1,4,1,6
13323,5,787.85,2,3,5,4,12
13324,10,7121.95,35,5,3,5,13
13325,1,675.3,81,3,2,1,6
13327,8,3627.77,38,5,3,5,13
13328,1,1308.48,315,4,1,1,6
13329,2,789.0,31,3,4,2,9
13330,3,1140.93,92,4,2,3,9
13332,1,350.9,13,2,4,1,7
13334,3,3502.32,81,5,2,3,10
13336,1,795.12,76,3,2,1,6
13338,1,487.02,157,2,2,1,5
13339,1,860.12,200,3,1,1,5
13340,7,10736.48,44,5,3,5,13
13341,1,775.85,260,3,1,1,5
13343,1,353.43,177,2,2,1,5
13344,3,2511.69,67,5,3,3,11
13345,1,389.5,287,2,1,1,4
13347,1,341.36,69,2,3,1,6
13348,1,233.76,63,1,3,1,5
13349,1,247.32,10,1,5,1,7
13350,2,979.12,15,4,4,2,10
13351,1,373.94,65,2,3,1,6
13352,1,397.97999999999996,59,2,3,1,6
13354,1,743.53,70,3,3,1,7
13355,1,674.7,121,3,2,1,6
13356,1,768.24,79,3,2,1,6
13357,1,609.4,256,3,1,1,5
13358,1,439.03,268,2,1,1,4
13359,1,439.56,63,2,3,1,6
13362,4,3090.7400000000002,8,5,5,4,14
13363,2,992.5,17,4,4,2,10
13364,1,134.95999999999998,70,1,3,1,5
13365,2,2225.37,33,5,3,2,10
13366,1,56.160000000000004,49,1,3,1,5
13368,2,623.4,256,3,1,2,6
13369,1,308.28000000000003,365,2,1,1,4
13370,1,754.87,371,3,1,1,5
13372,1,378.64,89,2,2,1,5
13373,3,3312.25,60,5,3,3,11
13375,1,778.65,88,3,2,1,6
13376,3,1019.76,98,4,2,3,9
13379,3,572.56,25,3,4,3,10
13381,6,3639.31,31,5,4,5,14
13382,1,222.99,280,1,1,1,3
13384,7,4151.93,30,5,4,5,14
13385,1,534.57,329,3,1,1,5
13388,2,677.1,130,3,2,2,7
13389,3,797.96,10,3,5,3,11
13390,1,544.08,74,3,2,1,6
13391,1,59.8,203,1,1,1,3
13394,8,2520.02,1,5,5,5,15
13395,1,307.72,184,2,1,1,4
13396,2,1360.99,28,4,4,2,10
13397,5,1544.13,72,4,2,4,10
13398,1,457.34,191,2,1,1,4
13402,2,621.23,126,3,2,2,7
13403,1,75.0,17,1,4,1,6
13404,2,252.49,0,2,5,2,9
13405,3,572.451,73,3,2,3,8
13408,62,28117.04,1,5,5,5,15
13410,5,1003.06,23,4,4,4,12
13411,1,213.55,106,1,2,1,4
13414,3,1390.5,133,4,2,3,9
13416,2,712.5,43,3,3,2,8
13417,2,640.83,4,3,5,2,10
13418,18,6127.43,11,5,5,5,15
13419,1,221.06,63,1,3,1,5
13420,2,159.85,149,1,2,2,5
13421,2,1833.71,39,4,3,2,9
13422,1,2626.3,63,5,3,1,9
13425,3,1624.21,107,4,2,3,9
13426,10,3641.32,0,5,5,5,15
13427,3,582.6,18,3,4,3,10
13428,1,201.78,9,1,5,1,7
13429,4,1006.8,10,4,5,4,13
13430,2,679.45,18,3,4,2,9
13431,2,1269.1,66,4,3,2,9
13434,2,534.24,73,3,2,2,7
13435,7,3809.8900000000003,4,5,5,5,15
13436,1,196.89,1,1,5,1,7
13437,7,3408.06,13,5,4,5,14
13439,1,283.71,254,2,1,1,4
13441,1,296.64,91,2,2,1,5
13447,3,1129.14,22,4,4,3,11
13448,6,3534.69,16,5,4,5,14
13449,1,291.88,23,2,4,1,7
13450,6,2043.7199999999998,26,4,4,5,13
13451,5,2898.2599999999998,25,5,4,4,13
13452,2,590.0,258,3,1,2,6
13453,2,356.97999999999996,165,2,2,2,6
13455,2,1058.34,24,4,4,2,10
13456,6,1766.72,17,4,4,5,13
13458,14,9646.57,6,5,5,5,15
13460,2,183.44,28,1,4,2,7
13461,3,1445.0,38,4,3,3,10
13462,1,151.5,252,1,1,1,3
13464,1,674.68,57,3,3,1,7
13466,1,307.9,183,2,1,1,4
13467,2,1071.91,10,4,5,2,11
13468,37,5704.97,1,5,5,5,15
13470,2,165.0,98,1,2,2,5
13471,4,2501.84,0,5,5,4,14
13473,2,422.64,60,2,3,2,7
13474,1,226.84,235,1,1,1,3
13475,4,1431.78,190,4,1,4,9
13476,2,1238.47,178,4,2,2,8
13477,6,1454.58,37,4,3,5,12
13479,2,300.95,200,2,1,2,5
13481,5,1804.56,45,4,3,4,11
13482,1,184.64,231,1,1,1,3
13483,1,140.34,65,1,3,1,5
13484,1,313.8,240,2,1,1,4
13485,1,454.24,232,2,1,1,4
13486,3,1122.41,77,4,2,3,9
13487,3,575.4,57,3,3,3,9
13488,13,8968.31,16,5,4,5,14
13489,4,449.52,104,2,2,4,8
13491,10,1215.82,51,4,3,5,12
13492,3,1269.84,135,4,2,3,9
13493,2,618.63,274,3,1,2,6
13494,1,316.26000000000005,311,2,1,1,4
13495,5,2044.8700000000001,7,4,5,4,13
13496,2,653.33,10,3,5,2,10
13497,2,348.05,282,2,1,2,5
13499,5,1159.11,17,4,4,4,12
13500,3,1166.77,22,4,4,3,11
13501,1,1340.32,287,4,1,1,6
13502,3,292.0,16,2,4,3,9
13503,1,216.85,70,1,3,1,5
13504,1,295.93,63,2,3,1,6
13505,4,4393.63,72,5,2,4,11
13506,2,458.52,315,2,1,2,5
13507,4,2479.16,2,5,5,4,14
13508,1,110.97,243,1,1,1,3
13509,7,979.72,8,4,5,5,14
13510,4,1791.56,0,4,5,4,13
13512,1,251.21,260,2,1,1,4
13513,1,205.1,126,1,2,1,4
13514,1,152.20000000000002,73,1,2,1,4
13515,4,891.12,72,3,2,4,9
13516,3,1389.41,20,4,4,3,11
13517,3,2128.42,59,5,3,3,11
13518,1,627.16,85,3,2,1,6
13519,1,122.75,77,1,2,1,4
13520,6,3624.35,58,5,3,5,13
13521,3,1071.73,0,4,5,3,12
13522,1,125.80000000000001,29,1,4,1,6
13523,5,3964.88,32,5,4,4,13
13524,5,680.1800000000001,40,3,3,4,10
13525,2,628.78,14,3,4,2,9
13527,7,2242.36,33,5,3,5,13
13529,2,307.76,78,2,2,2,6
13531,2,483.8,204,2,1,2,5
13532,1,210.31,33,1,3,1,5
13533,3,269.09,182,2,1,3,6
13534,25,5870.08,1,5,5,5,15
13536,7,3444.39,0,5,5,5,15
13538,7,1280.85,42,4,3,5,12
13539,3,631.34,85,3,2,3,8
13544,2,276.06,39,2,3,2,7
13546,3,621.09,11,3,5,3,11
13548,2,678.16,95,3,2,2,7
13549,7,918.2,25,3,4,5,12
13551,1,91.80000000000001,318,1,1,1,3
13552,12,3740.07,65,5,3,5,13
13555,4,4098.88,73,5,2,4,11
13557,2,584.06,27,3,4,2,9
13558,4,594.52,5,3,5,4,12
13560,1,171.42000000000002,6,1,5,1,7
13561,1,141.85999999999999,215,1,1,1,3
13562,3,1799.33,81,4,2,3,9
13563,2,777.53,83,3,2,2,7
13564,3,1724.67,143,4,2,3,9
13565,2,240.22,18,1,4,2,7
13566,2,856.84,40,3,3,2,8
13568,1,187.05,172,1,2,1,4
13569,2,338.62,16,2,4,2,8
13570,1,239.49,242,1,1,1,3
13571,12,2088.94,12,5,5,5,15
13572,1,1384.25,205,4,1,1,6
13573,2,290.25,49,2,3,2,7
13575,5,732.0699999999999,22,3,4,4,11
13576,18,6717.34,9,5,5,5,15
13577,4,1687.6000000000001,24,4,4,4,12
13579,2,467.04,14,2,4,2,8
13581,1,118.0,308,1,1,1,3
13583,1,781.03,155,3,2,1,6
13584,1,142.4,306,1,1,1,3
13587,1,712.4,63,3,3,1,7
13588,9,2478.95,15,5,4,5,14
13589,2,379.65,14,2,4,2,8
13590,6,1981.92,10,4,5,5,14
13591,3,1117.13,64,4,3,3,10
13592,4,247.95999999999998,35,1,3,4,8
13593,5,2011.88,107,4,2,4,10
13594,1,396.97,52,2,3,1,6
13596,2,664.11,5,3,5,2,10
13598,1,160.04,46,1,3,1,5
13599,21,5149.92,0,5,5,5,15
13600,1,219.52,311,1,1,1,3
13601,2,693.32,44,3,3,2,8
13602,1,428.89,64,2,3,1,6
13603,1,164.34,25,1,4,1,6
13606,3,276.75,28,2,4,3,9
13607,1,675.51,39,3,3,1,7
13610,7,1082.33,11,4,5,5,14
13611,3,1154.4,88,4,2,3,9
13614,4,1585.46,23,4,4,4,12
13615,1,417.69,318,2,1,1,4
13617,3,544.18,39,3,3,3,9
13618,1,177.34,173,1,2,1,4
13621,1,213.85,116,1,2,1,4
13623,5,727.74,30,3,4,4,11
13626,1,257.23,252,2,1,1,4
13627,5,1638.47,58,4,3,4,11
13629,11,7792.36,22,5,4,5,14
13630,7,2031.78,4,4,5,5,14
13631,11,3070.42,99,5,2,5,12
13632,5,2118.93,24,5,4,4,13
13634,5,1547.3600000000001,32,4,4,4,12
13635,1,1071.03,67,4,3,1,8
13636,5,949.12,36,4,3,4,11
13637,3,804.3,51,3,3,3,9
13638,1,122.64,15,1,4,1,6
13639,1,1033.34,73,4,2,1,7
13642,1,312.28,215,2,1,1,4
13643,3,519.44,30,3,4,3,10
13644,4,2624.26,15,5,4,4,13
13645,1,252.1,119,2,2,1,5
13647,4,1648.1200000000001,9,4,5,4,13
13649,2,346.6,256,2,1,2,5
13650,6,1836.34,16,4,4,5,13
13651,2,94.2,34,1,3,2,6
13652,3,1095.08,45,4,3,3,10
13654,6,2707.33,42,5,3,5,13
13655,2,932.97,113,3,2,2,7
13656,2,379.65,164,2,2,2,6
13657,2,382.14,10,2,5,2,9
13658,5,2639.17,9,5,5,4,14
13659,2,1563.0,205,4,1,2,7
13662,3,881.26,85,3,2,3,8
13663,1,189.47,178,1,2,1,4
13666,3,84.65,59,1,3,3,7
13667,1,299.05,148,2,2,1,5
13668,21,6309.83,2,5,5,5,15
13669,2,218.55,50,1,3,2,6
13670,1,349.7,74,2,2,1,5
13672,2,186.39000000000001,300,1,1,2,4
13673,2,387.44,18,2,4,2,8
13675,2,486.82000000000005,150,2,2,2,6
13678,1,232.6,151,1,2,1,4
13680,4,3719.12,0,5,5,4,14
13681,4,827.83,17,3,4,4,11
13682,1,59.5,186,1,1,1,3
13684,1,65.13,285,1,1,1,3
13685,7,3119.44,2,5,5,5,15
13686,1,72.0,182,1,1,1,3
13689,1,910.0,62,3,3,1,7
13690,1,172.25,58,1,3,1,5
13692,3,1488.32,24,4,4,3,11
13694,50,65039.62,3,5,5,5,15
13695,15,2504.13,30,5,4,5,14
13697,1,151.29999999999998,38,1,3,1,5
13699,1,308.58000000000004,154,2,2,1,5
13700,10,2248.63,25,5,4,5,14
13703,1,99.5,317,1,1,1,3
13704,9,2308.06,4,5,5,5,15
13705,3,711.86,7,3,5,3,11
13706,1,330.79,302,2,1,1,4
13707,2,806.41,266,3,1,2,6
13708,1,285.33,270,2,1,1,4
13709,13,6307.650000000001,3,5,5,5,15
13710,1,180.48,31,1,4,1,6
13711,2,252.06,218,2,1,2,5
13712,1,228.84,246,1,1,1,3
13715,5,1077.39,280,4,1,4,9
13716,1,138.28,268,1,1,1,3
13717,6,1445.01,31,4,4,5,13
13718,2,306.55,245,2,1,2,5
13719,5,1041.68,14,4,4,4,12
13720,4,799.9,116,3,2,4,9
13721,1,524.14,35,3,3,1,7
13722,3,2375.41,131,5,2,3,10
13723,1,199.85000000000002,216,1,1,1,3
13725,8,1980.56,49,4,3,5,12
13726,2,1079.6599999999999,38,4,3,2,9
13727,2,333.48,28,2,4,2,8
13728,6,1016.14,36,4,3,5,12
13730,2,752.6,135,3,2,2,7
13731,2,610.59,218,3,1,2,6
13732,1,491.86,27,3,4,1,8
13735,4,2883.54,24,5,4,4,13
13736,2,729.8,4,3,5,2,10
13737,1,339.59999999999997,199,2,1,1,4
13739,1,216.9,17,1,4,1,6
13740,1,350.75,240,2,1,1,4
13741,3,668.4300000000001,71,3,3,3,9
13742,12,3107.87,16,5,4,5,14
13743,7,1341.6,2,4,5,5,14
13744,2,1080.52,94,4,2,2,8
13745,1,300.04,161,2,2,1,5
13747,1,79.6,373,1,1,1,3
13748,5,948.25,95,4,2,4,10
13750,5,1647.26,53,4,3,4,11
13751,1,296.25,287,2,1,1,4
13752,6,1175.38,123,4,2,5,11
13753,1,741.26,287,3,1,1,5
13754,2,282.59999999999997,151,2,2,2,6
13755,9,2108.06,3,5,5,5,15
13756,14,5189.52,1,5,5,5,15
13758,7,3190.55,11,5,5,5,15
13759,2,659.4100000000001,32,3,4,2,9
13760,2,286.79,53,2,3,2,7
13761,2,1070.65,49,4,3,2,9
13762,1,306.72,218,2,1,1,4
13763,1,1714.96,62,4,3,1,8
13764,3,1519.42,70,4,3,3,10
13767,37,17220.36,1,5,5,5,15
13769,10,2796.51,1,5,5,5,15
13771,4,2634.45,63,5,3,4,12
13772,3,1122.63,33,4,3,3,10
13774,1,345.0,81,2,2,1,5
13777,33,25977.16,0,5,5,5,15
13778,1,178.7,102,1,2,1,4
13780,2,360.01,6,2,5,2,9
13781,1,127.84,250,1,1,1,3
13782,6,908.86,12,3,5,5,13
13784,11,2462.79,9,5,5,5,15
13786,1,230.39999999999998,366,1,1,1,3
13787,2,309.04,75,2,2,2,6
13790,1,348.8,3,2,5,1,8
13791,2,1516.0,127,4,2,2,8
13792,2,195.55,65,1,3,2,6
13798,57,37153.85,0,5,5,5,15
13799,2,688.86,116,3,2,2,7
13800,1,558.32,309,3,1,1,5
13801,1,324.8,66,2,3,1,6
13802,3,4599.42,138,5,2,3,10
13803,1,277.07,254,2,1,1,4
13804,7,2588.39,30,5,4,5,14
13805,2,924.6,51,3,3,2,8
13806,1,256.38,63,2,3,1,6
13807,1,112.6,366,1,1,1,3
13808,5,1747.66,5,4,5,4,13
13809,1,155.05,304,1,1,1,3
13810,3,1499.01,28,4,4,3,11
13811,3,814.5,183,3,1,3,7
13812,3,539.0,41,3,3,3,9
13813,4,1366.8600000000001,39,4,3,4,11
13814,2,1579.12,91,4,2,2,8
13815,4,4027.36,21,5,4,4,13
13816,2,571.6700000000001,23,3,4,2,9
13817,2,382.98,28,2,4,2,8
13819,3,1140.35,301,4,1,3,8
13821,2,385.64,144,2,2,2,6
13822,2,632.0,5,3,5,2,10
13823,2,957.66,18,4,4,2,10
13824,5,1698.94,32,4,4,4,12
13826,1,189.5,175,1,2,1,4
13827,3,409.8,57,2,3,3,8
13828,1,209.49,21,1,4,1,6
13831,6,2198.45,15,5,4,5,14
13832,1,52.199999999999996,18,1,4,1,6
13833,1,383.85,158,2,2,1,5
13835,4,834.57,24,3,4,4,11
13837,2,266.59000000000003,211,2,1,2,5
13838,4,674.82,5,3,5,4,12
13841,1,85.0,252,1,1,1,3
13842,9,3385.62,58,5,3,5,13
13844,1,361.62,10,2,5,1,8
13845,1,312.98,64,2,3,1,6
13846,3,865.0600000000001,24,3,4,3,10
13848,3,1255.0,91,4,2,3,9
13849,2,1537.95,51,4,3,2,9
13850,1,1595.48,128,4,2,1,7
13851,3,2651.46,95,5,2,3,10
13853,1,1090.14,56,4,3,1,8
13854,25,8109.5199999999995,8,5,5,5,15
13856,3,388.5,168,2,2,3,7
13858,1,216.17,56,1,3,1,5
13859,1,201.16,325,1,1,1,3
13860,5,1245.9,0,4,5,4,13
13862,8,2209.36,17,5,4,5,14
13863,1,305.78,247,2,1,1,4
13865,4,501.56,57,3,3,4,10
13866,1,145.67000000000002,73,1,2,1,4
13867,3,1005.09,30,4,4,3,11
13868,2,3192.54,6,5,5,2,12
13869,4,3083.65,122,5,2,4,11
13870,8,2770.94,1,5,5,5,15
13871,13,6403.25,22,5,4,5,14
13873,3,389.6,119,2,2,3,7
13874,1,540.45,357,3,1,1,5
13875,5,1786.79,53,4,3,4,11
13876,1,122.7,63,1,3,1,5
13877,1,117.24,85,1,2,1,4
13878,1,1271.57,54,4,3,1,8
13880,13,3219.77,20,5,4,5,14
13881,20,17159.52,3,5,5,5,15
13882,5,1191.13,2,4,5,4,13
13883,5,2674.48,10,5,5,4,14
13884,5,787.6,6,3,5,4,12
13885,2,506.8,188,3,1,2,6
13886,1,243.56,70,1,3,1,5
13887,1,349.55,203,2,1,1,4
13888,2,595.67,119,3,2,2,7
13889,1,416.90000000000003,92,2,2,1,5
13890,10,1883.8100000000002,0,4,5,5,14
13892,4,632.97,26,3,4,4,11
13893,1,821.1,297,3,1,1,5
13894,3,564.62,23,3,4,3,10
13895,4,2593.07,27,5,4,4,13
13897,1,311.16,49,2,3,1,6
13898,1,155.93,325,1,1,1,3
13899,2,388.52,15,2,4,2,8
13900,3,740.95,182,3,1,3,7
13901,5,2867.2,71,5,3,4,12
13904,2,332.64,36,2,3,2,7
13908,4,2369.55,79,5,2,4,11
13911,9,2580.91,56,5,3,5,13
13914,2,626.45,11,3,5,2,10
13917,2,272.04,49,2,3,2,7
13918,2,1212.8400000000001,49,4,3,2,9
13919,2,384.81,58,2,3,2,7
13922,1,172.25,351,1,1,1,3
13923,1,351.13,53,2,3,1,6
13924,6,1838.8500000000001,1,4,5,5,14
13925,4,678.25,92,3,2,4,9
13926,1,223.85000000000002,22,1,4,1,6
13927,1,348.99,74,2,2,1,5
13928,4,464.57,10,2,5,4,11
13929,2,842.65,168,3,2,2,7
13930,2,337.34,57,2,3,2,7
13931,2,1237.53,95,4,2,2,8
13932,1,307.4,294,2,1,1,4
13933,2,608.7900000000001,108,3,2,2,7
13934,1,922.1,263,3,1,1,5
13936,1,376.58,179,2,1,1,4
13937,1,158.85,168,1,2,1,4
13938,1,71.66,34,1,3,1,5
13939,3,568.55,22,3,4,3,10
13940,4,839.14,16,3,4,4,11
13941,5,5112.96,21,5,4,4,13
13946,3,561.5699999999999,78,3,2,3,8
13947,1,90.6,64,1,3,1,5
13948,1,102.0,360,1,1,1,3
13949,6,2427.32,2,5,5,5,15
13950,4,745.06,10,3,5,4,12
13951,3,674.45,175,3,2,3,8
13952,2,3251.071,217,5,1,2,8
13953,7,3515.68,6,5,5,5,15
13954,2,439.92,1,2,5,3,10
13955,2,322.96,153,2,2,3,7
13956,5,1019.27,4,4,5,4,13
13959,3,594.04,78,3,2,3,8
13960,2,230.22,20,1,4,3,8
13962,2,169.55,21,1,4,3,8
13963,4,664.54,307,3,1,4,8
13967,1,80.7,145,1,2,1,4
13969,18,9024.17,6,5,5,5,15
13971,8,2758.26,18,5,4,5,14
13972,2,190.25,70,1,3,3,7
13973,1,264.7,286,2,1,1,4
13974,1,413.59000000000003,48,2,3,1,6
13975,6,2461.2400000000002,30,5,4,5,14
13976,1,357.98,206,2,1,1,4
13978,2,196.79000000000002,14,1,4,3,8
13979,1,869.87,72,3,2,1,6
13980,1,200.14,59,1,3,1,5
13982,4,1871.81,38,4,3,4,11
13983,12,2603.43,29,5,4,5,14
13984,5,920.51,26,3,4,4,11
13985,15,7060.13,3,5,5,5,15
13986,1,320.46,16,2,4,1,7
13988,6,4147.96,19,5,4,5,14
13989,2,1266.08,65,4,3,3,10
13990,1,311.3,212,2,1,1,4
13991,6,852.88,11,3,5,5,13
13992,1,76.8,29,1,4,1,6
13993,9,3466.36,42,5,3,5,13
13994,6,2274.14,3,5,5,5,15
13995,5,1393.69,14,4,4,4,12
13999,12,3901.81,9,5,5,5,15
14000,1,635.66,210,3,1,1,5
14001,3,2043.0800000000002,45,4,3,3,10
14002,2,529.73,133,3,2,3,8
14004,7,4582.64,42,5,3,5,13
14005,5,2874.72,9,5,5,4,14
14006,3,962.19,115,4,2,3,9
14009,2,695.61,197,3,1,3,7
14012,1,328.8,277,2,1,1,4
14013,3,473.02,109,2,2,3,7
14014,1,505.18,76,3,2,1,6
14015,1,917.34,52,3,3,1,7
14016,4,4341.21,161,5,2,4,11
14019,3,1421.61,46,4,3,3,10
14020,2,642.8,16,3,4,3,10
14021,3,631.9,154,3,2,3,8
14022,1,440.0,224,2,1,1,4
14023,2,584.07,6,3,5,3,11
14024,2,327.7,121,2,2,3,7
14027,1,104.82,60,1,3,1,5
14029,2,467.66,62,2,3,3,8
14030,8,2358.84,17,5,4,5,14
14031,19,17286.86,6,5,5,5,15
14032,11,2975.59,1,5,5,5,15
14034,3,648.89,21,3,4,3,10
14035,5,1428.02,28,4,4,4,12
14036,1,626.65,284,3,1,1,5
14037,2,147.20000000000002,175,1,2,3,6
14038,3,1560.38,77,4,2,3,9
14039,1,152.2,32,1,4,1,6
14040,12,3560.32,40,5,3,5,13
14041,1,141.41,265,1,1,1,3
14044,4,646.42,26,3,4,4,11
14045,4,1659.75,108,4,2,4,10
14046,1,154.99,283,1,1,1,3
14047,5,1308.6100000000001,8,4,5,4,13
14048,1,409.93,304,2,1,1,4
14049,4,5578.72,16,5,4,4,13
14050,2,746.36,31,3,4,3,10
14051,23,15610.390000000001,0,5,5,5,15
14052,1,225.36,19,1,4,1,6
14053,2,260.25,123,2,2,3,7
14054,1,92.46,64,1,3,1,5
14055,1,725.6400000000001,105,3,2,1,6
14056,23,8152.71,0,5,5,5,15
14057,17,6211.66,23,5,4,5,14
14059,1,183.6,266,1,1,1,3
14060,19,6140.42,4,5,5,5,15
14062,12,10464.85,9,5,5,5,15
14064,5,1334.34,28,4,4,4,12
14066,1,152.55,266,1,1,1,3
14067,2,374.7,63,2,3,3,8
14068,1,265.85,319,2,1,1,4
14071,8,1437.57,3,4,5,5,14
14073,1,151.04,31,1,4,1,6
14075,3,942.26,4,4,5,3,12
14076,1,118.67,128,1,2,1,4
14077,5,499.41999999999996,40,3,3,4,10
14078,6,1049.37,101,4,2,5,11
14079,1,375.1,124,2,2,1,5
14080,1,45.599999999999994,32,1,4,1,6
14081,2,921.62,301,3,1,3,7
14082,1,182.25,364,1,1,1,3
14083,9,1002.9,3,4,5,5,14
14085,18,4421.29,1,5,5,5,15
14087,1,191.47,2,1,5,1,7
14088,13,50491.81,9,5,5,5,15
14089,1,158.75,56,1,3,1,5
14090,1,76.32000000000001,324,1,1,1,3
14092,14,4076.91,7,5,5,5,15
14093,1,433.86,11,2,5,1,8
14096,17,65164.79,3,5,5,5,15
14098,1,147.35,36,1,3,1,5
14099,11,3104.17,15,5,4,5,14
14100,1,191.95000000000002,137,1,2,1,4
14101,6,5976.79,73,5,2,5,12
14102,5,1105.8799999999999,4,4,5,4,13
14104,2,216.20999999999998,154,1,2,3,6
14105,1,1266.23,238,4,1,1,6
14107,7,2703.23,51,5,3,5,13
14108,2,597.91,30,3,4,3,10
14109,1,144.2,72,1,2,1,4
14110,12,5683.15,3,5,5,5,15
14111,4,692.85,13,3,4,4,11
14112,7,2915.15,22,5,4,5,14
14113,4,1840.42,3,4,5,4,13
14114,2,386.53,273,2,1,3,6
14116,5,1382.74,19,4,4,4,12
14117,1,90.0,143,1,2,1,4
14121,4,2780.15,3,5,5,4,14
14124,1,419.58000000000004,83,2,2,1,5
14125,3,2720.63,10,5,5,3,13
14126,3,706.1300000000001,7,3,5,3,11
14127,3,709.71,122,3,2,3,8
14128,2,637.5,60,3,3,3,9
14129,5,1123.8600000000001,1,4,5,4,13
14130,1,480.91,318,2,1,1,4
14132,11,3586.0299999999997,1,5,5,5,15
14133,3,605.64,129,3,2,3,8
14135,15,4690.31,1,5,5,5,15
14138,2,965.8800000000001,1,4,5,3,12
14139,1,415.82,45,2,3,1,6
14140,2,935.05,3,4,5,3,12
14141,4,915.13,2,3,5,4,12
14142,1,311.81,372,2,1,1,4
14143,1,115.8,133,1,2,1,4
14145,4,3742.2,46,5,3,4,12
14146,5,4191.0,8,5,5,4,14
14147,2,483.4,77,2,2,3,7
14148,1,157.2,233,1,1,1,3
14149,1,446.62,220,2,1,1,4
14150,2,658.64,35,3,3,3,9
14152,2,621.29,74,3,2,3,8
14154,2,1345.62,238,4,1,3,8
14155,1,118.75,265,1,1,1,3
14156,55,117210.08,9,5,5,5,15
14157,2,424.89000000000004,19,2,4,3,9
14158,1,507.66,39,3,3,1,7
14159,11,4630.35,19,5,4,5,14
14161,3,1097.6200000000001,215,4,1,3,8
14162,2,289.36,173,2,2,3,7
14163,4,2445.91,86,5,2,4,11
14164,2,1631.77,70,4,3,3,10
14165,1,120.44,275,1,1,1,3
14167,4,562.59,38,3,3,4,10
14171,1,363.79,97,2,2,1,5
14173,4,450.84,10,2,5,4,11
14174,1,134.46,32,1,4,1,6
14175,3,3222.3,59,5,3,3,11
14176,4,576.9000000000001,296,3,1,4,8
14177,4,549.46,85,3,2,4,9
14178,7,1600.26,8,4,5,5,14
14179,2,701.57,40,3,3,3,9
14180,25,4748.52,10,5,5,5,15
14184,1,452.89,66,2,3,1,6
14185,1,197.65,330,1,1,1,3
14188,6,2054.36,30,4,4,5,13
14189,15,4654.08,1,5,5,5,15
14191,13,4684.76,1,5,5,5,15
14193,2,853.39,67,3,3,3,9
14194,21,11349.52,4,5,5,5,15
14195,2,1012.0,201,4,1,3,8
14196,1,335.52,106,2,2,1,5
14198,4,701.4,17,3,4,4,11
14199,1,185.39999999999998,217,1,1,1,3
14201,7,747.44,59,3,3,5,11
14204,1,150.61,1,1,5,1,7
14205,2,466.7,16,2,4,3,9
14206,1,328.15999999999997,238,2,1,1,4
14208,1,151.74,94,1,2,1,4
14209,6,2073.43,10,5,5,5,15
14210,6,1905.8400000000001,105,4,2,5,11
14211,9,2241.1,52,5,3,5,13
14212,1,1070.48,89,4,2,1,7
14214,5,1004.38,30,4,4,4,12
14215,6,1789.72,11,4,5,5,14
14216,4,1839.3,2,4,5,4,13
14217,17,2004.98,1,4,5,5,14
14218,1,169.48000000000002,42,1,3,1,5
14219,1,89.94,3,1,5,1,7
14220,2,632.4,246,3,1,3,7
14221,9,3432.8,41,5,3,5,13
14222,1,683.17,176,3,2,1,6
14223,3,991.13,91,4,2,3,9
14224,4,1009.73,109,4,2,4,10
14226,5,2214.79,28,5,4,4,13
14227,10,3350.96,25,5,4,5,14
14229,3,1547.2,51,4,3,3,10
14231,3,925.71,183,3,1,3,7
14232,5,2048.07,42,4,3,4,11
14233,4,1462.72,48,4,3,4,11
14234,4,754.12,21,3,4,4,11
14235,5,3144.86,74,5,2,4,11
14236,2,490.86,80,3,2,3,8
14237,1,161.0,372,1,1,1,3
14238,1,146.85,325,1,1,1,3
14239,11,2380.85,42,5,3,5,13
14240,2,890.34,29,3,4,3,10
14241,1,213.70000000000002,183,1,1,1,3
14242,2,280.55,234,2,1,3,6
14243,10,2588.77,8,5,5,5,15
14245,2,1693.45,219,4,1,3,8
14246,3,1474.06,110,4,2,3,9
14247,1,136.76999999999998,277,1,1,1,3
14248,1,302.58,317,2,1,1,4
14250,3,1904.05,6,4,5,3,12
14251,5,2879.7000000000003,1,5,5,4,14
14256,2,969.0600000000001,259,4,1,3,8
14257,5,3099.7200000000003,63,5,3,4,12
14258,9,12669.98,8,5,5,5,15
14259,1,120.0,141,1,2,1,4
14261,2,1163.45,50,4,3,3,10
14262,8,2618.23,7,5,5,5,15
14264,2,333.97,154,2,2,3,7
14265,2,530.18,108,3,2,3,8
14267,3,1516.24,162,4,2,3,9
14270,1,492.65000000000003,331,3,1,1,5
14271,1,112.32,225,1,1,1,3
14272,2,437.96,73,2,2,3,7
14273,4,559.97,50,3,3,4,10
14276,3,1119.74,98,4,2,3,9
14277,3,4188.0,14,5,4,3,12
14280,1,134.04,196,1,1,1,3
14282,15,3701.44,2,5,5,5,15
14284,2,595.25,30,3,4,3,10
14285,4,1910.01,20,4,4,4,12
14286,3,4628.75,23,5,4,3,12
14287,3,176.63,7,1,5,3,9
14288,1,426.6,212,2,1,1,4
14289,6,911.26,8,3,5,5,13
14290,5,2314.65,10,5,5,4,14
14291,11,3883.25,1,5,5,5,15
14292,9,4871.93,7,5,5,5,15
14293,4,1046.56,2,4,5,4,13
14295,1,166.20000000000002,39,1,3,1,5
14297,4,1305.33,17,4,4,4,12
14298,44,51527.3,7,5,5,5,15
14299,9,3965.62,7,5,5,5,15
14300,1,43.2,18,1,4,1,6
14301,1,640.14,116,3,2,1,6
14304,1,383.45,222,2,1,1,4
14305,3,1858.96,70,4,3,3,10
14306,2,2093.32,50,5,3,3,11
14307,6,2995.72,88,5,2,5,12
14309,9,2352.53,7,5,5,5,15
14311,1,310.26,242,2,1,1,4
14312,6,1611.59,46,4,3,5,12
14314,1,120.0,106,1,2,1,4
14315,6,2481.13,44,5,3,5,13
14317,1,508.58000000000004,64,3,3,1,7
14320,2,477.79,206,2,1,3,6
14321,5,1530.75,10,4,5,4,13
14323,2,605.0600000000001,114,3,2,3,8
14326,1,183.85,241,1,1,1,3
14327,1,311.65,162,2,2,1,5
14329,7,4975.24,16,5,4,5,14
14331,2,462.65999999999997,123,2,2,3,7
14332,3,840.21,22,3,4,3,10
14333,1,415.2,67,2,3,1,6
14334,8,2552.21,16,5,4,5,14
14335,2,454.86,15,2,4,3,9
14336,4,1614.91,16,4,4,4,12
14338,2,588.22,160,3,2,3,8
14339,1,309.52,242,2,1,1,4
14340,1,134.7,218,1,1,1,3
14341,8,2166.98,44,5,3,5,13
14342,4,668.5600000000001,20,3,4,4,11
14344,8,889.9300000000001,126,3,2,5,10
14345,1,108.97999999999999,38,1,3,1,5
14346,2,1021.58,120,4,2,3,9
14348,1,409.57,259,2,1,1,4
14349,1,133.5,9,1,5,1,7
14350,1,282.93,273,2,1,1,4
14351,1,51.0,164,1,2,1,4
14352,4,1078.96,156,4,2,4,10
14353,1,90.6,214,1,1,1,3
14354,2,163.62,5,1,5,3,9
14355,1,174.4,365,1,1,1,3
14356,2,701.23,79,3,2,3,8
14357,1,225.12,42,1,3,1,5
14359,3,912.18,18,3,4,3,10
14360,4,2118.03,31,5,4,4,13
14362,1,151.5,21,1,4,1,6
14364,8,3717.35,108,5,2,5,12
14367,16,9227.82,7,5,5,5,15
14368,1,155.0,319,1,1,1,3
14371,1,100.5,294,1,1,1,3
14373,1,76.55,357,1,1,1,3
14375,1,235.56,184,1,1,1,3
14377,2,617.05,190,3,1,3,7
14379,2,348.1,43,2,3,3,8
14381,1,202.68,51,1,3,1,5
14382,1,615.49,25,3,4,1,8
14383,3,1247.69,37,4,3,3,10
14385,3,202.11,8,1,5,3,9
14386,1,142.4,296,1,1,1,3
14387,3,1727.6,32,4,4,3,11
14388,8,3212.84,9,5,5,5,15
14389,2,1043.46,64,4,3,3,10
14390,9,4642.57,9,5,5,5,15
14393,1,67.95,217,1,1,1,3
14395,9,3479.91,1,5,5,5,15
14396,2,487.99,64,3,3,3,9
14397,19,2612.96,2,5,5,5,15
14400,1,574.7,148,3,2,1,6
14401,13,4051.48,3,5,5,5,15
14403,4,1475.81,129,4,2,4,10
14404,6,1449.32,33,4,3,5,12
14406,1,156.75,118,1,2,1,4
14407,6,2157.73,106,5,2,5,12
14408,7,2599.03,10,5,5,5,15
14409,6,2059.4500000000003,70,5,3,5,13
14410,9,1100.27,91,4,2,5,11
14411,1,1063.0,310,4,1,1,6
14412,2,770.03,42,3,3,3,9
14413,1,121.05,361,1,1,1,3
14414,7,1496.98,91,4,2,5,11
14415,13,5855.57,0,5,5,5,15
14416,2,490.22,21,3,4,3,10
14418,3,1937.25,3,4,5,3,12
14419,6,1051.79,10,4,5,5,14
14420,1,387.52,98,2,2,1,5
14421,2,813.11,56,3,3,3,9
14422,6,4263.64,0,5,5,5,15
14423,1,265.2,217,2,1,1,4
14424,1,322.08,17,2,4,1,7
14426,10,4481.67,23,5,4,5,14
14427,2,363.34000000000003,49,2,3,3,8
14428,5,1224.06,6,4,5,4,13
14431,1,470.36,302,2,1,1,4
14432,6,2248.5,9,5,5,5,15
14434,6,1372.8,21,4,4,5,13
14436,1,89.06,98,1,2,1,4
14437,1,63.0,365,1,1,1,3
14438,1,131.9,305,1,1,1,3
14439,1,2661.24,319,5,1,1,7
14440,5,2357.6800000000003,7,5,5,4,14
14441,4,1712.89,0,4,5,4,13
14442,2,1589.82,204,4,1,3,8
14443,4,1420.2,53,4,3,4,11
14446,4,1010.35,0,4,5,4,13
14447,5,1163.23,18,4,4,4,12
14448,2,375.35,8,2,5,3,10
14449,4,885.8,18,3,4,4,11
14450,3,483.25,180,2,1,3,6
14451,2,643.9,59,3,3,3,9
14452,2,259.05,10,2,5,3,10
14453,1,119.93,189,1,1,1,3
14456,9,3017.28,4,5,5,5,15
14457,1,113.64,310,1,1,1,3
14459,1,1837.92,154,4,2,1,7
14460,3,434.34,109,2,2,3,7
14461,3,2103.06,147,5,2,3,10
14462,11,1980.57,65,4,3,5,12
14463,3,529.62,97,3,2,3,8
14465,3,1038.44,246,4,1,3,8
14466,7,2272.4,28,5,4,5,14
14467,4,596.26,17,3,4,4,11
14470,2,461.19,11,2,5,3,10
14472,8,1852.67,103,4,2,5,11
14473,2,234.34000000000003,73,1,2,3,6
14474,1,547.66,45,3,3,1,7
14475,3,925.85,71,3,3,3,9
14476,1,193.0,256,1,1,1,3
14477,4,1309.6,19,4,4,4,12
14479,2,316.25,253,2,1,3,6
14480,1,279.05,10,2,5,1,8
14481,2,636.51,164,3,2,3,8
14482,6,2022.81,17,4,4,5,13
14483,1,137.1,281,1,1,1,3
14484,1,321.92,49,2,3,1,6
14485,1,162.8,38,1,3,1,5
14487,6,1165.48,26,4,4,5,13
14488,1,1064.28,67,4,3,1,8
14489,1,463.38,206,2,1,1,4
14491,2,340.93,174,2,2,3,7
14493,5,2383.2400000000002,6,5,5,4,14
14494,1,139.56,25,1,4,1,6
14495,2,123.8,50,1,3,3,7
14496,2,538.8100000000001,311,3,1,3,7
14497,1,475.37,308,2,1,1,4
14498,5,1957.32,42,4,3,4,11
14499,3,808.44,25,3,4,3,10
14500,3,356.85,87,2,2,3,7
14501,2,251.21,183,2,1,3,6
14502,11,2429.83,19,5,4,5,14
14503,6,3543.26,2,5,5,5,15
14504,4,673.26,46,3,3,4,10
14505,8,5859.43,16,5,4,5,14
14506,5,1960.65,16,4,4,4,12
14507,6,1367.88,23,4,4,5,13
14508,2,268.05,21,2,4,3,9
14511,5,1314.81,10,4,5,4,13
14512,2,275.28,187,2,1,3,6
14513,3,455.59000000000003,100,2,2,3,7
14514,3,990.2,60,4,3,3,10
14515,6,2076.89,17,5,4,5,14
14517,2,330.45,32,2,4,3,9
14518,1,174.37,63,1,3,1,5
14520,2,270.6,1,2,5,3,10
14522,4,974.54,23,4,4,4,12
14523,1,241.09,107,1,2,1,4
14524,9,1843.83,31,4,4,5,13
14525,9,4215.9,19,5,4,5,14
14527,55,8507.13,2,5,5,5,15
14528,1,364.21999999999997,36,2,3,1,6
14529,3,578.61,59,3,3,3,9
14530,6,2862.11,25,5,4,5,14
14532,4,932.85,235,3,1,4,8
14533,7,1949.72,24,4,4,5,13
14534,18,4397.3,2,5,5,5,15
14535,3,2854.84,59,5,3,3,11
14536,1,170.95,259,1,1,1,3
14537,1,355.56,57,2,3,1,6
14538,2,388.25,64,2,3,3,8
14539,2,537.48,15,3,4,3,10
14540,3,952.66,9,4,5,3,12
14541,8,1453.35,58,4,3,5,12
14542,1,103.25,185,1,1,1,3
14543,16,3599.73,28,5,4,5,14
14544,2,2004.3,23,4,4,3,11
14546,5,2573.93,4,5,5,4,14
14547,8,3974.75,3,5,5,5,15
14548,2,652.8,150,3,2,3,8
14549,1,289.24,310,2,1,1,4
14550,2,757.37,10,3,5,3,11
14551,2,186.23,17,1,4,3,8
14552,1,164.22,151,1,2,1,4
14553,5,859.27,18,3,4,4,11
14554,4,2279.4900000000002,9,5,5,4,14
14555,2,312.54,56,2,3,3,8
14557,1,788.38,84,3,2,1,6
14560,22,2237.77,6,5,5,5,15
14561,3,1080.76,75,4,2,3,9
14562,18,5006.77,3,5,5,5,15
14565,4,3099.12,95,5,2,4,11
14566,1,1432.0,110,4,2,1,7
14567,2,1530.3600000000001,56,4,3,3,10
14569,1,227.39,0,1,5,1,7
14570,2,218.06,280,1,1,3,5
14572,7,2804.54,2,5,5,5,15
14573,9,1639.82,179,4,1,5,10
14576,1,35.400000000000006,371,1,1,1,3
14577,4,859.71,12,3,5,4,12
14578,1,168.63,2,1,5,1,7
14581,1,138.6,16,1,4,1,6
14582,1,114.11,40,1,3,1,5
14583,5,986.96,5,4,5,4,13
14584,4,1033.06,168,4,2,4,10
14585,1,157.05,49,1,3,1,5
14586,1,237.36,276,1,1,1,3
14587,9,1580.29,18,4,4,5,13
14589,1,39.75,371,1,1,1,3
14591,4,1320.21,14,4,4,4,12
14592,3,557.94,34,3,3,3,9
14593,3,617.15,21,3,4,3,10
14594,2,363.33,6,2,5,3,10
14595,6,1740.6,19,4,4,5,13
14597,2,866.24,10,3,5,3,11
14598,1,221.97,43,1,3,1,5
14600,1,393.33000000000004,305,2,1,1,4
14601,1,213.96,10,1,5,1,7
14603,1,660.0,274,3,1,1,5
14606,93,12076.15,0,5,5,5,15
14607,14,16209.5,15,5,4,5,14
14608,4,1785.15,3,4,5,4,13
14609,4,601.56,71,3,3,4,10
14616,3,406.08000000000004,242,2,1,3,6
14618,3,553.44,8,3,5,3,11
14619,1,394.44,245,2,1,1,4
14620,2,412.78000000000003,205,2,1,3,6
14621,5,1788.3600000000001,0,4,5,4,13
14622,1,320.58000000000004,184,2,1,1,4
14623,5,886.7,31,3,4,4,11
14624,2,225.85,56,1,3,3,7
14625,2,899.63,195,3,1,3,7
14626,4,2791.27,23,5,4,4,13
14628,2,671.96,90,3,2,3,8
14629,2,955.26,3,4,5,3,12
14631,3,1006.98,50,4,3,3,10
14632,1,114.56,262,1,1,1,3
14633,1,344.90000000000003,265,2,1,1,4
14636,2,609.85,35,3,3,3,9
14638,1,443.6,50,2,3,1,6
14639,6,2984.49,51,5,3,5,13
14640,6,2107.38,23,5,4,5,14
14641,1,110.46,21,1,4,1,6
14642,1,96.12,58,1,3,1,5
14643,2,693.8100000000001,169,3,2,3,8
14644,2,830.76,67,3,3,3,9
14645,2,597.09,156,3,2,3,8
14646,73,280206.02,1,5,5,5,15
14647,1,236.04000000000002,200,1,1,1,3
14649,4,1402.59,4,4,5,4,13
14651,2,653.75,66,3,3,3,9
14652,1,114.18,76,1,2,1,4
14653,7,1926.65,0,4,5,5,14
14655,4,1932.23,7,4,5,4,13
14656,2,291.05,168,2,2,3,7
14657,4,848.22,17,3,4,4,11
14658,2,247.15,4,1,5,3,9
14659,9,2529.93,8,5,5,5,15
14660,2,285.74,86,2,2,3,7
14661,1,107.95,26,1,4,1,6
14662,4,741.37,28,3,4,4,11
14664,2,636.24,19,3,4,3,10
14665,5,1835.7,60,4,3,4,11
14666,1,195.25,23,1,4,1,6
14667,25,9175.04,10,5,5,5,15
14669,3,1259.24,241,4,1,3,8
14670,2,392.86,279,2,1,3,6
14672,2,765.55,234,3,1,3,7
14673,5,1736.4,2,4,5,4,13
14675,1,596.36,15,3,4,1,8
14676,6,2548.2400000000002,30,5,4,5,14
14680,16,28754.11,24,5,4,5,14
14681,3,498.95,70,3,3,3,9
14682,2,52.0,187,1,1,3,5
14684,5,1201.51,25,4,4,4,12
14687,1,628.38,106,3,2,1,6
14688,21,5579.1,7,5,5,5,15
14689,1,112.8,208,1,1,1,3
14690,2,355.05,43,2,3,3,8
14691,5,2114.33,30,5,4,4,13
14692,4,591.55,136,3,2,4,9
14693,1,172.9,264,1,1,1,3
14696,7,2078.95,3,5,5,5,15
14697,2,188.60999999999999,217,1,1,3,5
14698,5,1217.27,1,4,5,4,13
14699,1,109.13000000000001,213,1,1,1,3
14700,3,2195.1,31,5,4,3,12
14701,9,2526.09,10,5,5,5,15
14702,17,3251.79,0,5,5,5,15
14703,1,318.17,14,2,4,1,7
14704,9,1493.96,10,4,5,5,14
14705,1,179.0,198,1,1,1,3
14708,3,1126.37,2,4,5,3,12
14709,13,4921.04,14,5,4,5,14
14710,4,599.48,13,3,4,4,11
14711,11,2839.62,9,5,5,5,15
14712,3,917.07,28,3,4,3,10
14713,11,2662.2,8,5,5,5,15
14714,1,160.19,23,1,4,1,6
14715,4,867.38,24,3,4,4,11
14716,2,307.51,42,2,3,3,8
14719,5,1581.84,1,4,5,4,13
14720,3,663.81,5,3,5,3,11
14722,1,180.42000000000002,146,1,2,1,4
14723,6,1122.3600000000001,9,4,5,5,14
14725,1,655.58,24,3,4,1,8
14727,1,268.58,273,2,1,1,4
14729,1,313.49,373,2,1,1,4
14730,8,1897.57,0,4,5,5,14
14731,3,380.02,46,2,3,3,8
14732,8,2702.4900000000002,7,5,5,5,15
14733,12,9585.91,15,5,4,5,14
14735,32,6065.69,3,5,5,5,15
14737,3,1164.55,3,4,5,3,12
14738,7,1314.45,42,4,3,5,12
14739,7,3902.28,3,5,5,5,15
14740,3,1448.21,196,4,1,3,8
14741,6,1400.34,11,4,5,5,14
14744,7,1099.98,15,4,4,5,13
14745,5,1220.26,112,4,2,4,10
14747,1,328.2,248,2,1,1,4
14748,5,1415.75,28,4,4,4,12
14752,1,389.64,43,2,3,1,6
14753,1,563.15,86,3,2,1,6
14754,2,638.05,44,3,3,3,9
14755,11,5010.28,9,5,5,5,15
14756,1,738.96,14,3,4,1,8
14757,1,420.5,74,2,2,1,5
14758,4,1484.06,144,4,2,4,10
14759,3,1625.97,4,4,5,3,12
14760,1,89.2,296,1,1,1,3
14761,2,255.9,58,2,3,3,8
14762,1,300.52,263,2,1,1,4
14764,1,278.3,46,2,3,1,6
14765,3,254.11,28,2,4,3,9
14766,6,2473.37,7,5,5,5,15
14768,2,192.60000000000002,16,1,4,3,8
14769,8,10416.98,2,5,5,5,15
14770,2,876.42,231,3,1,3,7
14772,1,139.26,111,1,2,1,4
14775,3,1011.9,57,4,3,3,10
14776,11,2538.3,50,5,3,5,13
14778,2,730.86,126,3,2,3,8
14779,3,386.15,280,2,1,3,6
14780,2,447.68,54,2,3,3,8
14782,1,200.10000000000002,319,1,1,1,3
14784,2,289.99,25,2,4,3,9
14785,2,77.4,9,1,5,3,9
14788,2,679.4399999999999,6,3,5,3,11
14789,1,197.64,28,1,4,1,6
14790,4,745.06,16,3,4,4,11
14792,1,6.2,63,1,3,1,5
14793,1,228.99,20,1,4,1,6
14794,7,1319.91,2,4,5,5,14
14795,1,131.45000000000002,165,1,2,1,4
14796,17,7975.49,0,5,5,5,15
14798,3,173.74,52,1,3,3,7
14799,1,157.7,50,1,3,1,5
14800,12,4331.79,47,5,3,5,13
14801,1,189.34,60,1,3,1,5
14803,3,845.55,161,3,2,3,8
14804,1,353.27,8,2,5,1,8
14805,4,546.4,14,3,4,4,11
14806,1,193.39000000000001,74,1,2,1,4
14808,8,2718.6,39,5,3,5,13
14810,11,2085.33,40,5,3,5,13
14813,2,152.88,369,1,1,3,5
14815,2,778.5,36,3,3,3,9
14816,1,271.85,196,2,1,1,4
14817,2,1110.34,199,4,1,3,8
14818,3,657.8,73,3,2,3,8
14819,2,272.07,63,2,3,3,8
14820,4,507.29,20,3,4,4,11
14821,1,48.800000000000004,366,1,1,1,3
14823,3,321.43,179,2,1,3,6
14824,4,1127.71,9,4,5,4,13
14825,12,2221.01,3,5,5,5,15
14828,3,2139.76,196,5,1,3,9
14829,4,697.55,28,3,4,4,11
14830,1,188.88,52,1,3,1,5
14834,6,1720.3,17,4,4,5,13
14836,3,102.44999999999999,9,1,5,3,9
14837,4,1649.5,89,4,2,4,10
14840,1,62.85,267,1,1,1,3
14841,6,3295.76,52,5,3,5,13
14842,4,2824.69,43,5,3,4,12
14844,4,3189.81,63,5,3,4,12
14847,1,309.4,148,2,2,1,5
14849,25,7930.54,21,5,4,5,14
14850,1,325.75,311,2,1,1,4
14851,2,511.35,22,3,4,3,10
14852,6,2836.69,57,5,3,5,13
14853,2,475.8,23,2,4,3,9
14854,7,2740.03,77,5,2,5,12
14855,2,645.65,118,3,2,3,8
14856,3,1290.53,35,4,3,3,10
14857,2,1173.12,59,4,3,3,10
14859,4,1353.74,12,4,5,4,13
14860,1,170.32,18,1,4,1,6
14861,1,125.79,51,1,3,1,5
14862,2,841.1999999999999,25,3,4,3,10
14863,1,266.76,28,2,4,1,7
14865,2,52.2,6,1,5,3,9
14866,12,14389.9,10,5,5,5,15
14867,3,710.28,185,3,1,3,7
14868,8,2953.59,2,5,5,5,15
14869,2,721.45,8,3,5,3,11
14870,1,327.25,261,2,1,1,4
14871,4,501.28000000000003,2,3,5,4,12
14873,1,519.68,209,3,1,1,5
14875,2,1465.3200000000002,107,4,2,3,9
14878,9,1476.09,12,4,5,5,14
14880,3,690.59,76,3,2,3,8
14881,1,255.4,19,2,4,1,7
14882,2,589.7,26,3,4,3,10
14883,6,761.59,18,3,4,5,12
14885,1,765.3199999999999,131,3,2,1,6
14886,1,364.8,252,2,1,1,4
14887,1,1862.0,78,4,2,1,7
14888,1,369.2,206,2,1,1,4
14889,1,135.9,335,1,1,1,3
14890,1,125.65,253,1,1,1,3
14891,2,554.38,147,3,2,3,8
14893,2,1237.8500000000001,9,4,5,3,12
14894,1,655.75,84,3,2,1,6
14895,20,11138.710000000001,7,5,5,5,15
14896,2,468.77000000000004,204,2,1,3,6
14897,4,1366.38,7,4,5,4,13
14898,6,1269.31,22,4,4,5,13
14901,9,1421.29,10,4,5,5,14
14902,1,332.66,25,2,4,1,7
14903,5,2795.33,20,5,4,4,13
14904,2,1025.44,1,4,5,3,12
14905,2,616.15,157,3,2,3,8
14907,7,3501.1,2,5,5,5,15
14908,1,277.8,73,2,2,1,5
14910,4,434.35,2,2,5,4,11
14911,201,143711.17,0,5,5,5,15
14912,2,867.85,16,3,4,3,10
14913,4,1227.43,35,4,3,4,11
14915,2,307.48,90,2,2,3,7
14916,4,1268.98,70,4,3,4,11
14918,2,1610.15,115,4,2,3,9
14920,2,977.77,212,4,1,3,8
14921,2,1316.07,29,4,4,3,11
14923,1,749.1,50,3,3,1,7
14924,1,310.05,245,2,1,1,4
14929,1,223.88,31,1,4,1,6
14930,3,2362.96,108,5,2,3,10
14931,5,1257.68,4,4,5,4,13
14932,1,363.53,365,2,1,1,4
14934,2,1890.94,81,4,2,3,9
14935,1,1784.71,296,4,1,1,6
14936,8,8137.02,33,5,3,5,13
14937,3,1621.88,56,4,3,3,10
14944,12,5900.25,29,5,4,5,14
14946,1,100.9,13,1,4,1,6
14947,2,290.82,71,2,3,3,8
14948,6,1101.97,22,4,4,5,13
14950,1,371.2,18,2,4,1,7
14951,1,311.69,78,2,2,1,5
14952,11,8099.49,59,5,3,5,13
14953,1,285.67,24,2,4,1,7
14954,1,294.85,11,2,5,1,8
14957,1,58.49,252,1,1,1,3
14958,3,483.72999999999996,146,2,2,3,7
14959,4,695.42,63,3,3,4,10
14960,2,221.27,7,1,5,3,9
14961,9,7044.68,10,5,5,5,15
14962,1,126.7,270,1,1,1,3
14963,5,1472.34,9,4,5,4,13
14964,1,206.21,246,1,1,1,3
14965,2,596.09,95,3,2,3,8
14966,1,183.02,14,1,4,1,6
14967,1,463.8,49,2,3,1,6
14968,1,147.59,29,1,4,1,6
14970,4,1592.06,67,4,3,4,11
14971,3,1097.98,34,4,3,3,10
14972,1,114.77,127,1,2,1,4
14973,3,1314.45,106,4,2,3,9
14974,1,89.94,36,1,3,1,5
14975,1,279.94,56,2,3,1,6
14976,7,790.86,56,3,3,5,11
14978,5,1921.3700000000001,71,4,3,4,11
14981,1,102.12,245,1,1,1,3
14984,2,202.37,18,1,4,3,8
14985,2,292.01,197,2,1,3,6
14987,2,326.4,15,2,4,3,9
14988,1,334.54,211,2,1,1,4
14995,2,231.98000000000002,38,1,3,3,7
14997,3,546.1999999999999,45,3,3,3,9
14998,2,414.87,169,2,2,3,7
15000,1,490.52,47,3,3,1,7
15002,4,1641.76,115,4,2,4,10
15004,1,1220.77,146,4,2,1,7
15005,28,6295.37,15,5,4,5,14
15006,1,480.38,50,2,3,1,6
15007,1,156.91,158,1,2,1,4
15009,3,1259.43,11,4,5,3,12
15010,1,308.94,35,2,3,1,6
15012,2,405.04,53,2,3,3,8
15014,2,257.67,42,2,3,3,8
15016,1,170.04,172,1,2,1,4
15017,1,125.58,33,1,3,1,5
15018,3,496.21000000000004,38,3,3,3,9
15019,1,252.81,266,2,1,1,4
15021,9,1871.77,8,4,5,5,14
15022,4,852.39,11,3,5,4,12
15023,11,6720.41,2,5,5,5,15
15024,10,1636.43,9,4,5,5,14
15025,1,361.96,32,2,4,1,7
15026,3,469.0,79,2,2,3,7
15027,4,1066.1499999999999,30,4,4,4,12
15028,4,627.13,7,3,5,4,12
15030,2,518.28,71,3,3,3,9
15031,4,653.19,3,3,5,4,12
15032,3,4959.1,255,5,1,3,9
15033,10,2557.18,4,5,5,5,15
15034,8,4274.16,15,5,4,5,14
15035,1,252.73000000000002,89,2,2,1,5
15036,3,429.56,71,2,3,3,8
15038,6,685.74,58,3,3,5,11
15039,47,19766.59,9,5,5,5,15
15041,1,179.93,169,1,2,1,4
15042,1,135.93,198,1,1,1,3
15043,1,537.0,30,3,4,1,8
15044,17,7634.7300000000005,18,5,4,5,14
15045,2,735.66,151,3,2,3,8
15046,15,5090.42,8,5,5,5,15
15047,1,343.62,269,2,1,1,4
15048,4,381.0,64,2,3,4,9
15049,1,121.17000000000002,273,1,1,1,3
15050,3,1737.69,24,4,4,3,11
15051,3,1383.3600000000001,22,4,4,3,11
15052,1,207.73000000000002,318,1,1,1,3
15053,3,693.95,4,3,5,3,11
15054,2,302.1,11,2,5,3,10
15057,2,1489.5,274,4,1,3,8
15058,11,2102.54,24,5,4,5,14
15059,9,1337.72,40,4,3,5,12
15060,4,294.25,7,2,5,4,11
15061,48,54534.14,3,5,5,5,15
15062,4,987.86,70,4,3,4,11
15063,1,370.79999999999995,212,2,1,1,4
15065,4,3158.13,37,5,3,4,12
15066,1,893.59,52,3,3,1,7
15067,3,1744.76,77,4,2,3,9
15068,2,553.36,45,3,3,3,9
15069,1,1109.53,178,4,2,1,7
15070,1,106.2,372,1,1,1,3
15071,2,982.07,93,4,2,3,9
15073,3,1043.41,9,4,5,3,12
15074,1,735.67,104,3,2,1,6
15075,1,773.03,77,3,2,1,6
15076,1,880.85,172,3,2,1,6
15078,32,9743.11,6,5,5,5,15
15079,4,895.61,212,3,1,4,8
15081,5,504.8,21,3,4,4,11
15083,1,88.2,256,1,1,1,3
15087,1,306.94,281,2,1,1,4
15088,2,1160.07,20,4,4,3,11
15089,6,2420.84,9,5,5,5,15
15090,1,381.32,307,2,1,1,4
15091,1,480.71,67,2,3,1,6
15092,2,457.81,214,2,1,3,6
15093,6,4597.02,17,5,4,5,14
15095,4,1370.6,103,4,2,4,10
15096,1,219.39000000000001,42,1,3,1,5
15097,1,248.08,3,1,5,1,7
15098,3,39916.5,181,5,1,3,9
15099,1,410.48,83,2,2,1,5
15100,3,876.0,333,3,1,3,7
15101,2,317.53,8,2,5,3,10
15103,2,703.36,30,3,4,3,10
15104,2,993.54,196,4,1,3,8
15105,7,2298.93,17,5,4,5,14
15106,5,1422.52,17,4,4,4,12
15107,6,319.5,310,2,1,5,8
15108,4,1300.25,141,4,2,4,10
15109,1,484.95,245,2,1,1,4
15110,4,996.1,23,4,4,4,12
15111,3,1567.48,28,4,4,3,11
15113,3,3509.43,9,5,5,3,13
15114,10,2760.56,29,5,4,5,14
15115,1,340.11,17,2,4,1,7
15116,4,1352.75,17,4,4,4,12
15117,5,1551.78,14,4,4,4,12
15118,1,244.8,133,1,2,1,4
15119,1,266.4,245,2,1,1,4
15120,1,358.82,133,2,2,1,5
15121,2,457.72,49,2,3,3,8
15122,3,1633.78,113,4,2,3,9
15123,2,2199.31,6,5,5,3,13
15124,2,184.19,22,1,4,3,8
15125,15,11528.48,24,5,4,5,14
15127,1,406.53,65,2,3,1,6
15128,4,1471.0,59,4,3,4,11
15129,11,3447.4,49,5,3,5,13
15130,1,330.11,169,2,2,1,5
15132,5,977.9300000000001,17,4,4,4,12
15133,3,982.42,127,4,2,3,9
15134,8,1387.99,14,4,4,5,13
15135,1,139.05,238,1,1,1,3
15136,4,1286.7,2,4,5,4,13
15139,2,178.96,239,1,1,3,5
15140,7,2354.25,51,5,3,5,13
15142,1,498.74,45,3,3,1,7
15143,1,259.45,225,2,1,1,4
15144,17,6580.44,7,5,5,5,15
15145,4,1194.73,3,4,5,4,13
15146,2,1327.16,164,4,2,3,9
15147,1,623.5,239,3,1,1,5
15148,1,301.29,10,2,5,1,8
15149,1,520.8000000000001,133,3,2,1,6
15150,10,5291.33,16,5,4,5,14
15152,13,4745.69,9,5,5,5,15
15153,1,329.25,30,2,4,1,7
15154,1,254.28,74,2,2,1,5
15156,3,961.49,0,4,5,3,12
15157,3,1936.07,3,4,5,3,12
15158,1,401.40000000000003,44,2,3,1,6
15159,30,18641.010000000002,1,5,5,5,15
15160,1,158.16,356,1,1,1,3
15163,2,304.47,17,2,4,3,9
15164,3,824.58,68,3,3,3,9
15165,1,487.75,372,3,1,1,5
15167,1,158.8,320,1,1,1,3
15168,1,106.56,25,1,4,1,6
15171,1,1289.5,330,4,1,1,6
15172,5,1624.05,8,4,5,4,13
15174,1,135.75,322,1,1,1,3
15175,1,224.14,71,1,3,1,5
15178,1,40.5,259,1,1,1,3
15179,5,2206.95,17,5,4,4,13
15180,1,87.5,366,1,1,1,3
15181,3,689.4799999999999,65,3,3,3,9
15182,2,622.85,153,3,2,3,8
15184,2,402.2,28,2,4,3,9
15185,1,310.62,69,2,3,1,6
15186,2,411.41,13,2,4,3,9
15187,16,4777.18,1,5,5,5,15
15189,41,16225.39,0,5,5,5,15
15192,3,1044.32,119,4,2,3,9
15193,1,499.32,60,3,3,1,7
15194,15,7616.53,2,5,5,5,15
15195,1,3861.0,2,5,5,1,11
15197,3,1079.6100000000001,10,4,5,3,12
15198,2,193.64,91,1,2,3,6
15199,4,1268.7,58,4,3,4,11
15201,5,1236.54,86,4,2,4,10
15203,6,1827.8,25,4,4,5,13
15204,1,316.58,356,2,1,1,4
15205,2,653.24,84,3,2,3,8
15206,4,420.29999999999995,9,2,5,4,11
15208,5,870.12,0,3,5,4,12
15210,1,331.18,224,2,1,1,4
15211,2,894.4100000000001,59,3,3,3,9
15212,1,101.8,240,1,1,1,3
15213,2,328.35,318,2,1,3,6
15214,8,1661.44,1,4,5,5,14
15215,3,734.94,46,3,3,3,9
15216,1,96.6,87,1,2,1,4
15218,11,5756.89,10,5,5,5,15
15219,1,305.75,175,2,2,1,5
15220,6,1778.96,51,4,3,5,12
15221,1,403.25,365,2,1,1,4
15222,1,585.0,318,3,1,1,5
15223,2,755.75,225,3,1,3,7
15224,2,322.08,357,2,1,3,6
15225,1,409.40000000000003,233,2,1,1,4
15226,1,154.41,310,1,1,1,3
15227,5,1219.4,36,4,3,4,11
15228,4,3386.71,65,5,3,4,12
15230,2,429.6,238,2,1,3,6
15232,2,612.06,112,3,2,3,8
15234,1,197.0,276,1,1,1,3
15235,12,2247.51,217,5,1,5,11
15236,1,321.05,298,2,1,1,4
15237,4,1412.32,1,4,5,4,13
15238,3,1071.99,28,4,4,3,11
15239,2,780.59,9,3,5,3,11
15240,5,1706.57,44,4,3,4,11
15241,8,1756.44,66,4,3,5,12
15243,1,316.68,73,2,2,1,5
15244,2,631.57,64,3,3,3,9
15245,3,2515.84,133,5,2,3,10
15246,2,514.15,237,3,1,3,7
15247,1,356.0,121,2,2,1,5
15249,13,6688.46,31,5,4,5,14
15251,11,10484.99,8,5,5,5,15
15252,2,740.78,35,3,3,3,9
15253,5,918.1999999999999,15,3,4,4,11
15254,1,300.36,126,2,2,1,5
15255,1,890.85,66,3,3,1,7
15256,1,98.45,148,1,2,1,4
15257,1,317.15,282,2,1,1,4
15258,2,623.16,168,3,2,3,8
15260,7,1810.77,99,4,2,5,11
15261,1,254.82,134,2,2,1,5
15262,1,178.95000000000002,323,1,1,1,3
15263,1,156.51,106,1,2,1,4
15264,1,393.74,63,2,3,1,6
15265,2,1506.1200000000001,150,4,2,3,9
15266,1,119.3,337,1,1,1,3
15267,5,1717.36,21,4,4,4,12
15269,1,408.8,23,2,4,1,7
15270,7,2379.49,15,5,4,5,14
15271,15,2493.34,6,5,5,5,15
15272,2,721.94,56,3,3,3,9
15274,2,716.57,3,3,5,3,11
15275,1,615.14,37,3,3,1,7
15276,1,128.63,65,1,3,1,5
15277,1,255.89999999999998,46,2,3,1,6
15279,1,290.51,354,2,1,1,4
15280,1,113.12,171,1,2,1,4
15281,9,2332.15,58,5,3,5,13
15286,1,240.55,49,1,3,1,5
15287,2,486.69,21,2,4,3,9
15288,5,2306.52,42,5,3,4,12
15289,3,939.78,28,4,4,3,11
15290,18,7943.22,4,5,5,5,15
15291,15,4668.3,25,5,4,5,14
15292,1,178.39,200,1,1,1,3
15296,6,3672.86,50,5,3,5,13
15297,3,641.94,9,3,5,3,11
15298,12,4799.9,1,5,5,5,15
15299,7,4507.01,66,5,3,5,13
15300,1,496.44,63,3,3,1,7
15301,12,5049.95,50,5,3,5,13
15303,1,574.02,289,3,1,1,5
15304,8,694.4000000000001,60,3,3,5,11
15306,3,1174.35,63,4,3,3,10
15307,1,205.3,95,1,2,1,4
15308,1,310.47,273,2,1,1,4
15311,91,60632.75,0,5,5,5,15
15312,4,924.85,74,3,2,4,9
15313,1,52.0,109,1,2,1,4
15314,1,327.97,198,2,1,1,4
15315,2,570.5,63,3,3,3,9
15316,1,165.0,326,1,1,1,3
15318,1,312.62,3,2,5,1,8
15319,1,204.5,283,1,1,1,3
15320,1,267.13,43,2,3,1,6
15321,3,2748.31,70,5,3,3,11
15322,1,679.68,85,3,2,1,6
15325,1,161.74,103,1,2,1,4
15326,1,311.71,333,2,1,1,4
15327,1,208.75,52,1,3,1,5
15329,3,1049.7,38,4,3,3,10
15330,2,714.96,31,3,4,3,10
15332,4,1661.06,365,4,1,4,9
15333,1,1028.56,207,4,1,1,6
15334,3,350.82,156,2,2,3,7
15335,1,170.22,53,1,3,1,5
15339,2,574.07,65,3,3,3,9
15341,1,2020.52,80,4,2,1,7
15342,1,406.09,129,2,2,1,5
15343,1,364.5,86,2,2,1,5
15344,3,563.94,0,3,5,3,11
15345,1,393.54,45,2,3,1,6
15346,1,252.42000000000002,332,2,1,1,4
15347,1,201.60000000000002,365,1,1,1,3
15348,1,158.04,71,1,3,1,5
15349,2,463.90999999999997,157,2,2,3,7
15350,1,115.65,372,1,1,1,3
15351,7,1934.66,11,4,5,5,14
15353,2,770.12,254,3,1,3,7
15355,2,277.05,28,2,4,3,9
15356,10,2718.03,30,5,4,5,14
15358,22,8347.2,4,5,5,5,15
15360,1,427.93,39,2,3,1,6
15361,1,418.92,361,2,1,1,4
15363,1,326.0,372,2,1,1,4
15364,2,913.19,95,3,2,3,8
15365,7,2314.32,25,5,4,5,14
15366,2,602.51,74,3,2,3,8
15367,4,1877.59,56,4,3,4,11
15368,1,446.94000000000005,20,2,4,1,7
15370,7,2386.05,40,5,3,5,13
15372,1,2007.3999999999999,136,4,2,1,7
15373,12,2415.91,7,5,5,5,15
15374,1,168.0,128,1,2,1,4
15376,3,1221.56,39,4,3,3,10
15379,7,3703.29,168,5,2,5,12
15380,5,1690.2600000000002,8,4,5,4,13
15381,2,596.85,213,3,1,3,7
15382,6,5955.71,14,5,4,5,14
15384,2,642.41,169,3,2,3,8
15385,1,316.88,39,2,3,1,6
15386,1,394.14,185,2,1,1,4
15388,1,140.54,269,1,1,1,3
15389,1,500.0,171,3,2,1,6
15392,4,1535.53,4,4,5,4,13
15393,2,231.86,15,1,4,3,8
15394,4,2183.54,9,5,5,4,14
15395,1,107.45,325,1,1,1,3
15396,1,288.18,112,2,2,1,5
15397,1,94.0,289,1,1,1,3
15398,2,1345.53,15,4,4,3,11
15399,3,815.77,0,3,5,3,11
15400,5,716.2,91,3,2,4,9
15402,2,626.77,148,3,2,3,8
15405,1,349.1,188,2,1,1,4
15406,2,510.71000000000004,30,3,4,3,10
15407,4,1046.74,33,4,3,4,11
15408,1,267.18,263,2,1,1,4
15410,8,3450.84,83,5,2,5,12
15411,4,1348.93,25,4,4,4,12
15412,1,190.53,170,1,2,1,4
15414,3,774.9000000000001,9,3,5,3,11
15415,1,559.61,312,3,1,1,5
15416,4,3984.32,64,5,3,4,12
15417,1,508.8,84,3,2,1,6
15419,1,135.86,24,1,4,1,6
15421,4,950.36,58,4,3,4,11
15422,2,97.7,322,1,1,3,5
15423,1,43.5,37,1,3,1,5
15424,2,383.34,253,2,1,3,6
15426,5,1404.07,18,4,4,4,12
15427,3,1430.54,32,4,4,3,11
15428,1,93.78,14,1,4,1,6
15429,2,397.35,26,2,4,3,9
15432,1,171.19,22,1,4,1,6
15433,2,533.3,213,3,1,3,7
15434,5,1041.48,7,4,5,4,13
15435,1,149.29,21,1,4,1,6
15436,3,1067.75,11,4,5,3,12
15437,1,200.16,261,1,1,1,3
15438,1,156.57999999999998,130,1,2,1,4
15440,3,383.68,54,2,3,3,8
15442,1,594.0,248,3,1,1,5
15443,7,3213.59,1,5,5,5,15
15444,2,1411.21,8,4,5,3,12
15445,1,113.5,263,1,1,1,3
15447,1,155.17,330,1,1,1,3
15448,1,494.64,312,3,1,1,5
15449,3,974.52,25,4,4,3,11
15450,1,429.84,29,2,4,1,7
15452,3,528.48,29,3,4,3,10
15453,7,1371.77,1,4,5,5,14
15454,1,179.1,361,1,1,1,3
15456,3,434.59000000000003,282,2,1,3,6
15457,1,237.07,261,1,1,1,3
15458,1,161.64,24,1,4,1,6
15460,1,214.26,353,1,1,1,3
15462,3,234.6,93,1,2,3,6
15463,1,126.14,28,1,4,1,6
15464,1,1044.65,337,4,1,1,6
15465,18,7354.62,19,5,4,5,14
15466,1,334.53,84,2,2,1,5
15467,3,524.88,8,3,5,3,11
15468,2,467.51,50,2,3,3,8
15469,2,538.55,49,3,3,3,9
15471,1,454.48,1,2,5,1,8
15472,1,371.56,112,2,2,1,5
15473,7,1771.2,13,4,4,5,13
15475,1,454.10999999999996,76,2,2,1,5
15478,2,1399.92,39,4,3,3,10
15480,1,905.5,115,3,2,1,6
15482,12,10879.76,15,5,4,5,14
15483,4,225.26,160,1,2,4,7
15484,4,3590.41,0,5,5,4,14
15485,3,2564.5,29,5,4,3,12
15488,1,91.32000000000001,92,1,2,1,4
15489,3,1134.28,22,4,4,3,11
15491,6,3100.09,94,5,2,5,12
15492,2,659.4599999999999,27,3,4,3,10
15493,5,1953.41,32,4,4,4,12
15494,2,1280.58,20,4,4,3,11
15497,2,1262.2,17,4,4,3,11
15498,27,13316.4,2,5,5,5,15
15500,4,1131.56,7,4,5,4,13
15502,12,10384.93,15,5,4,5,14
15503,1,141.04,362,1,1,1,3
15504,1,52.83,80,1,2,1,4
15505,5,3610.96,52,5,3,4,12
15506,3,972.08,22,4,4,3,11
15507,1,475.86,171,2,2,1,5
15508,6,1000.27,188,4,1,5,10
15510,1,250.0,330,2,1,1,4
15511,5,900.53,11,3,5,4,12
15512,2,121.0,155,1,2,3,6
15513,19,14758.220000000001,32,5,4,5,14
15514,11,4023.7200000000003,11,5,5,5,15
15516,3,62.43,44,1,3,3,7
15517,1,267.03,232,2,1,1,4
15518,8,1921.55,63,4,3,5,12
15520,1,343.5,1,2,5,1,8
15521,8,3000.2,39,5,3,5,13
15522,2,397.99,32,2,4,3,9
15523,1,412.01000000000005,83,2,2,1,5
15524,1,440.0,24,2,4,1,7
15525,3,734.37,1,3,5,3,11
15526,2,148.44,32,1,4,3,8
15527,8,2428.53,18,5,4,5,14
15528,1,229.33,253,1,1,1,3
15529,11,3962.6,22,5,4,5,14
15530,4,1497.31,21,4,4,4,12
15531,2,1972.39,7,4,5,3,12
15532,4,1564.73,24,4,4,4,12
15533,3,807.57,18,3,4,3,10
15535,4,502.9,172,3,2,4,9
15537,1,110.92,162,1,2,1,4
15539,1,538.46,6,3,5,1,9
15540,1,213.3,10,1,5,1,7
15541,1,85.13000000000001,113,1,2,1,4
15543,1,127.86,287,1,1,1,3
15544,9,3546.71,8,5,5,5,15
15545,2,288.96999999999997,53,2,3,3,8
15547,14,4910.6,6,5,5,5,15
15549,3,1681.46,76,4,2,3,9
15550,4,575.63,3,3,5,4,12
15551,1,436.06,36,2,3,1,6
15552,1,90.12,216,1,1,1,3
15553,1,428.93,59,2,3,1,6
15554,1,217.2,277,1,1,1,3
15555,16,4794.86,11,5,5,5,15
15556,1,279.77,23,2,4,1,7
15557,1,468.91,28,2,4,1,7
15561,4,800.59,11,3,5,4,12
15562,1,134.55,351,1,1,1,3
15563,4,1400.44,21,4,4,4,12
15565,2,173.16,49,1,3,3,7
15567,1,186.01,18,1,4,1,6
15568,3,758.29,2,3,5,3,11
15569,5,1375.71,103,4,2,4,10
15570,12,4148.82,6,5,5,5,15
15571,4,650.4300000000001,11,3,5,4,12
15572,7,2533.42,4,5,5,5,15
15573,2,591.1899999999999,31,3,4,3,10
15574,4,675.64,177,3,2,4,9
15576,1,921.37,37,3,3,1,7
15577,3,258.88,150,2,2,3,7
15578,1,127.1,161,1,2,1,4
15579,2,327.6,68,2,3,3,8
15581,13,3675.77,120,5,2,5,12
15582,3,682.9100000000001,24,3,4,3,10
15584,4,720.86,23,3,4,4,11
15585,1,455.3,176,2,2,1,5
15587,4,913.6800000000001,49,3,3,4,10
15589,3,478.53000000000003,255,2,1,3,6
15592,1,388.58,46,2,3,1,6
15593,1,199.8,70,1,3,1,5
15594,5,1771.78,15,4,4,4,12
15596,5,1406.59,100,4,2,4,10
15597,1,324.57,34,2,3,1,6
15598,1,240.68,52,1,3,1,5
15599,2,761.74,26,3,4,3,10
15601,14,6776.56,10,5,5,5,15
15602,9,1297.8700000000001,7,4,5,5,14
15603,1,48.480000000000004,78,1,2,1,4
15604,1,216.39,51,1,3,1,5
15605,5,1198.23,35,4,3,4,11
15606,9,2920.16,60,5,3,5,13
15607,1,104.76,336,1,1,1,3
15608,4,1093.68,27,4,4,4,12
15609,1,298.48,183,2,1,1,4
15610,1,112.46000000000001,51,1,3,1,5
15611,13,1591.45,9,4,5,5,14
15612,2,195.15,35,1,3,3,7
15615,23,10399.74,9,5,5,5,15
15618,4,776.851,32,3,4,4,11
15619,1,336.40000000000003,10,2,5,1,8
15620,3,1553.18,56,4,3,3,10
15621,4,1293.03,3,4,5,4,13
15622,9,3709.56,42,5,3,5,13
15623,1,301.03,140,2,2,1,5
15624,4,588.13,116,3,2,4,9
15625,4,1534.26,103,4,2,4,10
15626,2,675.8,74,3,2,3,8
15628,9,2870.2400000000002,4,5,5,5,15
15630,2,1186.35,44,4,3,3,10
15632,8,3285.31,15,5,4,5,14
15634,1,243.55,16,1,4,1,6
15636,2,724.76,89,3,2,3,8
15637,1,223.36,52,1,3,1,5
15639,1,425.32,133,2,2,1,5
15640,15,12416.11,3,5,5,5,15
15641,4,1887.2,104,4,2,4,10
15643,3,664.0,191,3,1,3,7
15644,4,803.54,165,3,2,4,9
15645,1,612.01,18,3,4,1,8
15646,3,447.64000000000004,157,2,2,3,7
15648,2,639.5,203,3,1,3,7
15649,2,816.0,335,3,1,3,7
15651,3,646.3,36,3,3,3,9
15652,1,337.74,90,2,2,1,5
15653,2,877.4399999999999,92,3,2,3,8
15654,2,922.53,8,3,5,3,11
15655,1,560.67,242,3,1,1,5
15656,4,748.5,44,3,3,4,10
15657,1,30.0,22,1,4,1,6
15658,5,1024.1000000000001,189,4,1,4,9
15659,1,306.45,43,2,3,1,6
15660,9,1600.86,24,4,4,5,13
15661,2,309.8,316,2,1,3,6
15663,1,138.14,105,1,2,1,4
15664,1,386.43,50,2,3,1,6
15665,2,2222.21,167,5,2,3,10
15667,1,301.32,39,2,3,1,6
15668,1,76.32000000000001,217,1,1,1,3
15669,4,684.34,39,3,3,4,10
15670,1,173.05,296,1,1,1,3
15671,7,2657.13,18,5,4,5,14
15673,4,2726.23,87,5,2,4,11
15674,5,2446.6,72,5,2,4,11
15675,3,323.69,80,2,2,3,7
15676,3,3435.76,18,5,4,3,12
15677,1,657.23,48,3,3,1,7
15678,1,352.7,52,2,3,1,6
15679,4,781.28,23,3,4,4,11
15680,3,1333.68,8,4,5,3,12
15681,5,1426.16,24,4,4,4,12
15683,1,193.75,116,1,2,1,4
15687,9,2993.1,8,5,5,5,15
15689,2,254.1,119,2,2,3,7
15690,2,239.76,3,1,5,3,9
15691,1,136.8,251,1,1,1,3
15692,1,191.04,27,1,4,1,6
15694,14,6479.4,0,5,5,5,15
15695,2,409.98,266,2,1,3,6
15696,8,2711.11,32,5,4,5,14
15699,1,309.65,17,2,4,1,7
15700,2,696.68,171,3,2,3,8
15701,4,1529.0,1,4,5,4,13
15703,1,211.5,264,1,1,1,3
15704,4,2293.62,139,5,2,4,11
15705,1,143.1,200,1,1,1,3
15706,4,1060.56,63,4,3,4,11
15707,4,916.98,34,3,3,4,10
15708,7,3235.25,40,5,3,5,13
15709,1,133.25,283,1,1,1,3
15712,5,1072.3600000000001,8,4,5,4,13
15713,2,356.7,142,2,2,3,7
15714,2,330.03000000000003,11,2,5,3,10
15716,4,1101.1100000000001,145,4,2,4,10
15717,1,150.3,233,1,1,1,3
15719,13,5030.07,32,5,4,5,14
15720,1,598.73,23,3,4,1,8
15721,1,471.40000000000003,11,2,5,1,8
15722,5,2211.21,35,5,3,4,12
15723,1,190.7,364,1,1,1,3
15724,2,218.25,200,1,1,3,5
15725,1,415.25,14,2,4,1,7
15727,7,5159.06,16,5,4,5,14
15729,1,85.0,212,1,1,1,3
15730,3,1120.88,65,4,3,3,10
15732,2,294.12,211,2,1,3,6
15733,1,162.3,282,1,1,1,3
15734,2,1339.45,114,4,2,3,9
15737,8,1188.1200000000001,14,4,4,5,13
15738,16,4812.42,18,5,4,5,14
15739,1,449.12,65,2,3,1,6
15740,1,154.88,48,1,3,1,5
15743,4,775.96,15,3,4,4,11
15744,1,34.8,77,1,2,1,4
15745,4,1094.59,18,4,4,4,12
15746,1,196.88,133,1,2,1,4
15747,3,946.64,12,4,5,3,12
15748,1,144.36,39,1,3,1,5
15749,3,44534.3,234,5,1,3,9
15750,8,2463.05,2,5,5,5,15
15752,7,2626.6,39,5,3,5,13
15753,1,79.2,304,1,1,1,3
15754,3,458.57,50,2,3,3,8
15755,6,2364.25,9,5,5,5,15
15756,4,528.01,60,3,3,4,10
15757,2,714.42,65,3,3,3,9
15758,1,205.25,24,1,4,2,7
15759,3,253.04,217,2,1,3,6
15762,2,583.75,64,3,3,3,9
15763,2,1086.92,31,4,4,3,11
15764,6,3279.97,87,5,2,5,12
15766,1,315.06,63,2,3,2,7
15768,3,621.8299999999999,115,3,2,4,9
15769,26,56252.72,6,5,5,5,15
15773,1,635.6800000000001,5,3,5,2,10
15774,1,270.8,68,2,3,2,7
15775,1,104.9,244,1,1,2,4
15776,1,241.62,132,1,2,2,5
15777,4,1047.11,240,4,1,4,9
15780,3,475.28000000000003,183,2,1,4,7
15781,3,345.46,24,2,4,4,10
15782,3,2614.7400000000002,9,5,5,4,14
15783,1,246.3,10,1,5,2,8
15785,5,2328.9700000000003,32,5,4,4,13
15786,3,4919.0,45,5,3,4,12
15787,3,933.26,25,3,4,4,11
15789,1,351.3,357,2,1,2,5
15790,1,218.75,9,1,5,2,8
15791,2,1612.69,43,4,3,3,10
15793,3,965.61,14,4,4,4,12
15795,1,610.01,149,3,2,2,7
15796,8,2708.61,0,5,5,5,15
15797,4,2207.4,112,5,2,4,11
15799,3,884.14,75,3,2,4,9
15800,2,696.89,106,3,2,3,8
15801,3,1063.95,45,4,3,4,11
15802,1,451.42,142,2,2,2,6
15803,1,415.82000000000005,50,2,3,2,7
15804,13,4206.39,0,5,5,5,15
15805,17,5488.18,22,5,4,5,14
15806,3,784.58,45,3,3,4,10
15807,3,903.9,49,3,3,4,10
15808,4,3651.27,305,5,1,4,10
15809,5,515.77,35,3,3,4,10
15810,4,1391.98,78,4,2,4,10
15811,6,2218.62,21,5,4,5,14
15812,5,1801.14,106,4,2,4,10
15813,2,1303.9099999999999,207,4,1,3,8
15814,4,1945.33,16,4,4,4,12
15815,5,2100.6,63,5,3,4,12
15819,4,1905.45,48,4,3,4,11
15820,1,206.98,319,1,1,2,4
15821,2,570.96,43,3,3,3,9
15822,2,885.47,2,3,5,3,11
15823,1,15.0,371,1,1,2,4
15825,1,532.94,171,3,2,2,7
15826,3,1654.31,55,4,3,4,11
15827,14,1836.0900000000001,72,4,2,5,11
15829,2,636.14,98,3,2,3,8
15830,1,576.0,37,3,3,2,8
15831,3,794.64,57,3,3,4,10
15832,1,836.79,253,3,1,2,6
15834,4,2225.15,69,5,3,4,12
15835,4,954.09,43,4,3,4,11
15836,1,137.37,49,1,3,2,6
15837,1,391.98,64,2,3,2,7
15838,19,33643.08,10,5,5,5,15
15839,3,1048.49,32,4,4,4,12
15840,2,355.56,58,2,3,3,8
15841,4,1224.06,72,4,2,4,10
15843,1,118.95000000000002,303,1,1,2,4
15844,1,130.73999999999998,45,1,3,2,6
15845,8,3711.77,17,5,4,5,14
15847,2,389.27,37,2,3,3,8
15850,2,234.88,18,1,4,3,8
15852,2,160.71,186,1,1,3,5
15853,1,110.8,51,1,3,2,6
15854,12,2969.12,3,5,5,5,15
15855,5,712.24,136,3,2,4,9
15856,27,16143.64,3,5,5,5,15
15857,1,297.0,18,2,4,2,8
15858,5,1427.57,15,4,4,4,12
15860,8,965.16,40,4,3,5,12
15861,8,3146.92,11,5,5,5,15
15862,4,832.88,7,3,5,4,12
15863,2,68.84,25,1,4,3,8
15864,6,1936.3200000000002,21,4,4,5,13
15865,3,895.13,40,3,3,4,10
15866,1,211.89,100,1,2,2,5
15867,15,3810.14,4,5,5,5,15
15869,2,149.64,276,1,1,3,5
15870,1,351.44,32,2,4,2,8
15872,2,316.25,14,2,4,3,9
15874,7,4405.88,63,5,3,5,13
15877,2,490.33,1,3,5,3,11
15880,1,329.03000000000003,368,2,1,2,5
15881,5,501.39000000000004,311,3,1,4,8
15882,4,516.36,198,3,1,4,8
15883,2,396.48,1,2,5,3,10
15885,3,379.35,92,2,2,4,8
15886,1,181.09,59,1,3,2,6
15888,1,168.31,80,1,2,2,5
15889,2,420.07,156,2,2,3,7
15891,1,511.68,226,3,1,2,6
15894,2,258.25,252,2,1,3,6
15895,1,179.17,149,1,2,2,5
15897,2,208.59,193,1,1,3,5
15898,5,1383.83,0,4,5,4,13
15899,1,56.25,368,1,1,2,4
15900,1,337.28,23,2,4,2,8
15901,3,351.73,16,2,4,4,10
15903,7,5126.76,9,5,5,5,15
15904,1,164.68,7,1,5,2,8
15906,7,1567.69,19,4,4,5,13
15907,3,882.72,3,3,5,4,12
15909,1,191.94,173,1,2,2,5
15910,8,1228.88,0,4,5,5,14
15912,2,264.62,177,2,2,3,7
15916,8,1502.8600000000001,15,4,4,5,13
15917,1,123.1,247,1,1,2,4
15918,2,334.23,190,2,1,3,6
15919,2,525.69,19,3,4,3,10
15920,4,167.5,153,1,2,4,7
15921,1,323.03000000000003,172,2,2,2,6
15922,1,369.5,372,2,1,2,5
15923,1,127.08,372,1,1,2,4
15925,1,207.15,193,1,1,2,4
15930,1,426.63,66,2,3,2,7
15932,8,2495.87,3,5,5,5,15
15933,3,1107.46,20,4,4,4,12
15935,2,416.86,238,2,1,3,6
15937,1,145.35,63,1,3,2,6
15938,5,404.58,111,2,2,4,8
15939,15,6115.01,89,5,2,5,12
15940,1,35.8,310,1,1,2,4
15942,1,337.44,133,2,2,2,6
15944,1,325.1,276,2,1,2,5
15945,1,181.0,364,1,1,2,4
15947,1,1708.24,82,4,2,2,8
15948,2,955.24,7,4,5,3,12
15949,2,364.72,16,2,4,3,9
15950,4,1744.71,31,4,4,4,12
15951,2,708.22,8,3,5,3,11
15952,4,781.91,33,3,3,4,10
15953,8,1657.28,14,4,4,5,13
15955,14,4416.26,23,5,4,5,14
15957,1,428.89,31,2,4,2,8
15958,1,104.35,73,1,2,2,5
15963,2,470.76,19,2,4,3,9
15965,4,808.87,16,3,4,4,11
15967,2,397.68,22,2,4,3,9
15969,3,666.1,2,3,5,4,12
15970,1,314.1,303,2,1,2,5
15971,12,4199.85,17,5,4,5,14
15973,1,307.82000000000005,366,2,1,2,5
15974,7,3442.15,38,5,3,5,13
15975,1,371.01,83,2,2,2,6
15976,2,427.64,164,2,2,3,7
15977,2,1054.73,16,4,4,3,11
15978,1,1098.78,76,4,2,2,8
15980,3,2398.86,88,5,2,4,11
15981,8,3408.48,24,5,4,5,14
15983,4,1465.12,21,4,4,4,12
15984,10,2780.63,2,5,5,5,15
15985,2,1142.42,122,4,2,3,9
15986,1,168.12,29,1,4,2,7
15987,7,1432.77,11,4,5,5,14
15988,1,156.78,18,1,4,2,7
15990,2,792.11,43,3,3,3,9
15992,1,41.989999999999995,3,1,5,2,8
15993,7,2777.67,8,5,5,5,15
15994,1,414.27,54,2,3,2,7
15996,6,1032.58,87,4,2,5,11
15998,5,3080.22,36,5,3,4,12
16000,3,12393.7,2,5,5,4,14
16003,5,2735.37,29,5,4,4,13
16005,4,578.71,11,3,5,4,12
16006,1,101.4,210,1,1,2,4
16007,4,1693.81,47,4,3,4,11
16008,3,478.78,23,2,4,4,10
16009,4,972.11,21,4,4,4,12
16010,3,392.4,245,2,1,4,7
16011,16,3352.96,7,5,5,5,15
16012,3,1415.29,34,4,3,4,11
16013,47,37130.6,3,5,5,5,15
16014,3,646.83,37,3,3,4,10
16015,3,704.55,3,3,5,4,12
16016,8,1465.51,2,4,5,5,14
16017,1,211.88,46,1,3,2,6
16018,2,408.90000000000003,38,2,3,3,8
16019,9,3786.2400000000002,46,5,3,5,13
16020,3,851.01,16,3,4,4,11
16022,1,602.63,259,3,1,2,6
16023,3,719.81,45,3,3,4,10
16024,1,251.03,11,2,5,2,9
16025,1,439.65999999999997,29,2,4,2,8
16026,1,236.09,42,1,3,2,6
16027,6,934.62,91,4,2,5,11
16029,63,80850.84,38,5,3,5,13
16030,1,331.24,309,2,1,2,5
16031,2,547.9,91,3,2,3,8
16033,20,8778.82,5,5,5,5,15
16034,3,437.7,195,2,1,4,7
16036,2,758.92,86,3,2,3,8
16037,3,855.02,269,3,1,4,8
16038,3,471.78000000000003,7,2,5,4,11
16040,3,1313.55,64,4,3,4,11
16041,3,3166.4,30,5,4,4,13
16042,5,1177.47,21,4,4,4,12
16043,4,773.99,37,3,3,4,10
16045,4,1340.7,119,4,2,4,10
16048,2,256.44,372,2,1,3,6
16049,3,1074.81,39,4,3,4,11
16050,1,137.9,173,1,2,2,5
16052,1,362.06,53,2,3,2,7
16053,2,1511.95,32,4,4,3,11
16054,1,783.9,144,3,2,2,7
16055,1,134.8,220,1,1,2,4
16056,1,650.75,44,3,3,2,8
16057,7,2263.12,15,5,4,5,14
16059,6,1453.16,65,4,3,5,12
16062,4,1153.62,9,4,5,4,13
16063,1,335.32,259,2,1,2,5
16065,1,367.14,364,2,1,2,5
16066,5,1521.04,16,4,4,4,12
16070,2,852.15,21,3,4,3,10
16071,1,326.24,44,2,3,2,7
16072,1,584.3199999999999,287,3,1,2,6
16073,1,122.39999999999999,296,1,1,2,4
16076,10,2234.73,2,5,5,5,15
16078,1,79.2,283,1,1,2,4
16079,3,1352.0,16,4,4,4,12
16080,2,217.16,81,1,2,3,6
16081,5,2799.42,55,5,3,4,12
16083,2,1317.62,100,4,2,3,9
16084,1,436.18,298,2,1,2,5
16085,5,981.51,22,4,4,4,12
16086,5,1121.39,58,4,3,4,11
16091,2,315.06,154,2,2,3,7
16092,3,817.86,114,3,2,4,9
16093,1,17.0,106,1,2,2,5
16094,4,1078.23,11,4,5,4,13
16096,1,320.62,263,2,1,2,5
16097,1,185.04999999999998,239,1,1,2,4
16098,7,2005.63,87,4,2,5,11
16099,3,731.9,49,3,3,4,10
16101,1,1290.7,70,4,3,2,9
16102,3,1842.14,41,4,3,4,11
16103,6,1429.64,6,4,5,5,14
16104,1,298.21,61,2,3,2,7
16105,1,336.96,248,2,1,2,5
16106,1,108.38,65,1,3,2,6
16107,7,3204.1600000000003,17,5,4,5,14
16108,1,842.5,84,3,2,2,7
16109,2,611.88,218,3,1,3,7
16110,3,1320.95,44,4,3,4,11
16112,4,195.73999999999998,142,1,2,4,7
16113,1,161.38,182,1,1,2,4
16114,1,135.75000000000003,170,1,2,2,5
16115,8,1660.8799999999999,9,4,5,5,14
16116,1,612.78,211,3,1,2,6
16117,1,232.21,189,1,1,2,4
16119,2,423.36,7,2,5,3,10
16120,4,1309.14,58,4,3,4,11
16121,2,854.66,56,3,3,3,9
16122,4,684.4200000000001,72,3,2,4,9
16123,1,307.78,51,2,3,2,7
16124,1,249.0,316,1,1,2,4
16125,1,289.35,366,2,1,2,5
16126,4,6287.77,28,5,4,4,13
16127,1,656.25,38,3,3,2,8
16128,5,1880.22,17,4,4,4,12
16131,6,3506.54,51,5,3,5,13
16133,33,14589.04,3,5,5,5,15
16134,2,618.09,21,3,4,3,10
16135,1,517.55,262,3,1,2,6
16136,3,709.38,59,3,3,4,10
16139,3,635.41,18,3,4,4,11
16140,2,725.18,65,3,3,3,9
16141,1,620.4,87,3,2,2,7
16142,1,535.34,249,3,1,2,6
16143,6,2424.94,2,5,5,5,15
16144,1,175.2,246,1,1,2,4
16145,11,3799.4900000000002,8,5,5,5,15
16146,3,734.13,156,3,2,4,9
16147,1,375.0,133,2,2,2,6
16148,1,76.32000000000001,295,1,1,2,4
16149,2,280.52,4,2,5,3,10
16150,5,2053.02,42,4,3,4,11
16152,1,1829.04,268,4,1,2,7
16153,5,1824.23,49,4,3,4,11
16156,9,3092.04,8,5,5,5,15
16157,3,656.69,15,3,4,4,11
16159,1,348.2,281,2,1,2,5
16160,2,1025.44,64,4,3,3,10
16161,19,5533.67,1,5,5,5,15
16162,1,37.4,251,1,1,2,4
16163,2,856.6,231,3,1,3,7
16164,3,822.48,16,3,4,4,11
16168,27,3787.6,10,5,5,5,15
16169,4,1822.97,7,4,5,4,13
16170,6,1885.05,50,4,3,5,12
16171,1,73.2,58,1,3,2,6
16172,5,1140.21,94,4,2,4,10
16173,6,1418.32,15,4,4,5,13
16174,3,1009.5500000000001,125,4,2,4,10
16175,4,1037.59,93,4,2,4,10
16177,1,331.95,49,2,3,2,7
16178,1,197.9,137,1,2,2,5
16179,1,215.83,60,1,3,2,6
16180,8,10254.18,99,5,2,5,12
16181,1,305.54,72,2,2,2,6
16182,4,6617.65,71,5,3,4,12
16183,1,338.71000000000004,66,2,3,2,7
16184,6,1158.79,63,4,3,5,12
16185,2,529.41,16,3,4,3,10
16186,12,4006.94,22,5,4,5,14
16187,15,6911.4400000000005,31,5,4,5,14
16188,4,981.86,44,4,3,4,11
16189,2,215.48,15,1,4,3,8
16190,1,215.08,39,1,3,2,6
16191,13,5180.52,2,5,5,5,15
16193,1,314.45,236,2,1,2,5
16198,1,400.68100000000004,74,2,2,2,6
16200,2,1068.8700000000001,3,4,5,3,12
16201,4,1863.47,2,4,5,4,13
16202,1,365.27,360,2,1,2,5
16203,4,592.9,58,3,3,4,10
16204,1,384.18,22,2,4,2,8
16205,4,757.63,30,3,4,4,11
16206,4,537.0600000000001,54,3,3,4,10
16207,1,394.38,24,2,4,2,8
16208,2,664.26,44,3,3,3,9
16209,5,2262.62,88,5,2,4,11
16210,18,21086.3,1,5,5,5,15
16211,1,547.02,88,3,2,2,7
16212,2,690.34,18,3,4,3,10
16213,1,159.0,78,1,2,2,5
16214,3,1062.75,170,4,2,4,10
16215,1,242.35,80,1,2,2,5
16216,1,914.9300000000001,266,3,1,2,6
16217,2,304.25,234,2,1,3,6
16218,7,3084.68,29,5,4,5,14
16221,3,860.86,36,3,3,4,10
16222,1,773.5500000000001,317,3,1,2,6
16224,4,1295.3,56,4,3,4,11
16225,5,1096.32,44,4,3,4,11
16226,3,255.12,202,2,1,4,7
16227,1,314.22,224,2,1,2,5
16229,2,1010.6,86,4,2,3,9
16230,2,542.03,189,3,1,3,7
16232,4,990.88,43,4,3,4,11
16233,3,536.6800000000001,70,3,3,4,10
16235,5,867.31,40,3,3,4,10
16236,1,432.2,77,2,2,2,6
16239,2,414.2,56,2,3,3,8
16240,2,3718.8,23,5,4,3,12
16241,13,2590.31,9,5,5,5,15
16242,7,3579.86,7,5,5,5,15
16243,2,409.1,33,2,3,3,8
16244,2,1522.75,211,4,1,3,8
16245,3,1413.66,23,4,4,4,12
16247,1,114.56,169,1,2,2,5
16248,1,152.94,61,1,3,2,6
16249,5,1800.07,52,4,3,4,11
16250,2,389.44,260,2,1,3,6
16253,2,3683.86,66,5,3,3,11
16255,8,2619.91,16,5,4,5,14
16256,1,752.4300000000001,266,3,1,2,6
16257,1,46.95,176,1,2,2,5
16258,5,5203.51,44,5,3,4,12
16260,1,1035.45,50,4,3,2,9
16261,4,728.54,16,3,4,4,11
16265,9,5447.0,8,5,5,5,15
16266,7,861.89,73,3,2,5,10
16268,2,667.65,70,3,3,3,9
16270,1,1141.24,352,4,1,2,7
16271,5,1404.64,2,4,5,4,13
16272,1,411.7,116,2,2,2,6
16274,1,351.75,372,2,1,2,5
16275,1,559.87,196,3,1,2,6
16276,1,810.6000000000001,176,3,2,2,7
16278,1,566.38,99,3,2,2,7
16279,3,1502.78,20,4,4,4,12
16281,1,2062.06,71,5,3,2,10
16282,1,168.3,339,1,1,2,4
16283,5,1570.81,5,4,5,4,13
16284,2,812.68,30,3,4,3,10
16287,1,142.5,169,1,2,2,5
16292,1,302.25,121,2,2,2,6
16293,10,2248.9900000000002,21,5,4,5,14
16295,4,1328.55,9,4,5,4,13
16297,1,301.9,268,2,1,2,5
16298,3,598.2,22,3,4,4,11
16302,1,233.22,126,1,2,2,5
16303,3,5360.63,25,5,4,4,13
16305,1,361.21999999999997,138,2,2,2,6
16306,6,632.27,213,3,1,5,9
16308,4,2560.0,37,5,3,4,12
16309,2,706.57,105,3,2,3,8
16311,2,616.26,17,3,4,3,10
16313,2,274.15000000000003,2,2,5,3,10
16315,1,226.37,330,1,1,2,4
16316,8,2938.91,63,5,3,5,13
16317,3,1341.65,119,4,2,4,10
16318,1,328.15,34,2,3,2,7
16319,1,404.40000000000003,217,2,1,2,5
16320,2,1038.46,171,4,2,3,9
16321,5,373.65000000000003,71,2,3,4,9
16322,2,326.75,0,2,5,3,10
16323,1,207.50000000000003,195,1,1,2,4
16324,3,408.59000000000003,127,2,2,4,8
16325,3,594.24,46,3,3,4,10
16326,14,3039.2200000000003,5,5,5,5,15
16327,6,3820.27,13,5,4,5,14
16330,3,251.91,17,2,4,4,10
16332,7,1582.8,27,4,4,5,13
16333,22,26626.8,7,5,5,5,15
16337,1,151.05,36,1,3,2,6
16338,1,214.79999999999998,156,1,2,2,5
16339,1,94.05,283,1,1,2,4
16340,1,534.31,106,3,2,2,7
16341,4,1971.87,24,4,4,4,12
16342,4,322.41,74,2,2,4,8
16343,2,328.58,15,2,4,3,9
16344,1,101.10000000000001,157,1,2,2,5
16345,1,565.46,43,3,3,2,8
16347,2,847.45,10,3,5,3,11
16348,7,1415.65,31,4,4,5,13
16349,1,53.5,290,1,1,2,4
16350,4,1116.47,20,4,4,4,12
16351,1,153.9,332,1,1,2,4
16352,2,494.44,17,3,4,3,10
16353,23,6675.71,3,5,5,5,15
16354,2,395.8,62,2,3,3,8
16356,3,211.77,197,1,1,4,6
16357,3,658.88,32,3,4,4,11
16358,4,2027.5,0,4,5,4,13
16359,9,1750.92,6,4,5,5,14
16360,6,3450.41,4,5,5,5,15
16361,4,891.21,9,3,5,4,12
16362,5,709.99,31,3,4,4,11
16363,1,109.36000000000001,52,1,3,2,6
16364,2,705.79,11,3,5,3,11
16365,9,1540.42,17,4,4,5,13
16366,1,327.3,18,2,4,2,8
16367,2,800.67,36,3,3,3,9
16368,2,479.91,1,2,5,3,10
16369,3,1545.41,17,4,4,4,12
16370,4,1301.91,81,4,2,4,10
16372,2,355.73,32,2,4,3,9
16374,2,466.73,65,2,3,3,8
16376,2,974.96,8,4,5,3,12
16377,1,676.2,266,3,1,2,6
16378,3,362.95,246,2,1,4,7
16379,4,2157.4,3,5,5,4,14
16380,1,1743.1499999999999,60,4,3,2,9
16383,2,643.76,74,3,2,3,8
16384,2,584.5,89,3,2,3,8
16385,3,554.86,59,3,3,4,10
16386,2,302.57,28,2,4,3,9
16387,1,94.36,322,1,1,2,4
16389,4,1382.07,52,4,3,4,11
16392,1,217.89,269,1,1,2,4
16393,13,3040.96,1,5,5,5,15
16394,5,1555.34,56,4,3,4,11
16395,5,1482.06,60,4,3,4,11
16398,2,1705.8,153,4,2,3,9
16399,2,408.02,18,2,4,3,9
16400,1,303.93,94,2,2,2,6
16401,12,4098.32,0,5,5,5,15
16402,2,293.45,264,2,1,3,6
16403,1,177.5,311,1,1,2,4
16404,1,443.05,69,2,3,2,7
16405,2,167.25,301,1,1,3,5
16406,1,154.35,18,1,4,2,7
16407,10,2079.68,12,5,5,5,15
16409,5,2022.98,35,4,3,4,11
16411,2,211.7,18,1,4,3,8
16412,1,135.99,53,1,3,2,6
16413,1,262.2,56,2,3,2,7
16414,2,126.25,21,1,4,3,8
16415,1,200.27,43,1,3,2,6
16416,3,1051.4,26,4,4,4,12
16418,3,631.12,44,3,3,4,10
16419,6,958.71,112,4,2,5,11
16422,51,34684.4,16,5,4,5,14
16423,1,346.12,24,2,4,2,8
16424,1,133.56,190,1,1,2,4
16425,1,302.7,301,2,1,2,5
16426,10,1863.76,1,4,5,5,14
16427,2,241.06,262,1,1,3,5
16429,1,284.55,105,2,2,2,6
16430,1,300.85,56,2,3,2,7
16431,3,623.28,212,3,1,4,8
16432,1,287.4,63,2,3,2,7
16433,1,184.26,27,1,4,2,7
16434,7,1511.8,28,4,4,5,13
16438,5,798.35,5,3,5,4,12
16440,5,3640.67,7,5,5,4,14
16441,2,381.2,66,2,3,3,8
16442,3,609.3,1,3,5,4,12
16444,4,654.67,45,3,3,4,10
16445,1,230.51,33,1,3,2,6
16446,2,168472.5,0,5,5,3,13
16447,1,255.91,135,2,2,2,6
16448,1,182.99,197,1,1,2,4
16449,2,707.69,197,3,1,3,7
16450,1,311.92,149,2,2,2,6
16451,1,266.97,87,2,2,2,6
16454,2,6.9,44,1,3,3,7
16455,7,1841.18,63,4,3,5,12
16456,5,2158.18,98,5,2,4,11
16457,1,208.36,217,1,1,2,4
16458,18,3482.7400000000002,2,5,5,5,15
16460,3,811.23,27,3,4,4,11
16461,1,142.92,177,1,2,2,5
16462,3,136.0,73,1,2,4,7
16463,4,1422.4,20,4,4,4,12
16464,3,1298.66,19,4,4,4,12
16466,7,1595.96,33,4,3,5,12
16468,1,74.9,73,1,2,2,5
16469,4,625.42,23,3,4,4,11
16470,4,752.77,51,3,3,4,10
16471,1,223.95000000000002,274,1,1,2,4
16473,3,316.11,164,2,2,4,8
16474,7,1810.65,6,4,5,5,14
16475,4,544.3,87,3,2,4,9
16477,7,2494.46,63,5,3,5,13
16478,3,331.0,24,2,4,4,10
16479,2,300.83,9,2,5,3,10
16480,1,769.29,75,3,2,2,7
16482,1,220.62,15,1,4,2,7
16483,1,139.35,191,1,1,2,4
16484,2,404.3,173,2,2,3,7
16485,1,363.65,76,2,2,2,6
16488,3,498.8,32,3,4,4,11
16491,1,731.5,46,3,3,2,8
16493,4,1351.63,79,4,2,4,10
16494,1,826.53,296,3,1,2,6
16495,3,648.26,2,3,5,4,12
16496,3,1599.52,8,4,5,4,13
16497,6,2965.69,49,5,3,5,13
16498,2,100.97,160,1,2,3,6
16499,2,365.45,359,2,1,3,6
16500,6,400.86,4,2,5,5,12
16503,4,1431.93,106,4,2,4,10
16504,1,465.88,24,2,4,2,8
16505,1,777.6,31,3,4,2,9
16506,2,90.30000000000001,19,1,4,3,8
16509,1,363.7,296,2,1,2,5
16510,1,248.1,371,1,1,2,4
16511,3,918.33,21,3,4,4,11
16513,4,874.59,4,3,5,4,12
16515,5,1624.14,51,4,3,4,11
16516,1,101.69999999999999,29,1,4,2,7
16517,1,162.7,276,1,1,2,4
16518,2,484.32,60,2,3,3,8
16519,2,215.07999999999998,24,1,4,3,8
16520,3,1046.57,185,4,1,4,9
16523,21,9418.470000000001,1,5,5,5,15
16525,26,13027.45,1,5,5,5,15
16526,1,290.36,171,2,2,2,6
16527,1,228.06,80,1,2,2,5
16528,1,244.41,3,1,5,2,8
16529,1,455.25,189,2,1,2,5
16531,7,1244.59,21,4,4,5,13
16532,3,6748.8,17,5,4,4,13
16533,3,1082.81,18,4,4,4,12
16535,1,593.75,4,3,5,2,10
16536,1,548.12,109,3,2,2,7
16539,4,1388.81,2,4,5,4,13
16542,1,119.62,53,1,3,2,6
16545,1,339.3,164,2,2,2,6
16546,2,787.15,290,3,1,3,7
16549,10,4034.9,9,5,5,5,15
16550,5,2298.97,108,5,2,4,11
16551,3,922.12,95,3,2,4,9
16552,2,379.73,242,2,1,3,6
16553,12,5719.82,162,5,2,5,12
16554,3,837.1,41,3,3,4,10
16555,2,285.89,34,2,3,3,8
16556,7,3313.79,66,5,3,5,13
16557,2,281.85,23,2,4,3,9
16558,20,8338.49,0,5,5,5,15
16560,2,841.41,26,3,4,3,10
16561,2,511.12,5,3,5,3,11
16563,1,1077.74,53,4,3,2,9
16565,1,173.7,363,1,1,2,4
16566,5,614.66,14,3,4,4,11
16567,2,865.6,193,3,1,3,7
16569,1,124.2,2,1,5,2,8
16570,10,3738.4,14,5,4,5,14
16571,3,1421.69,26,4,4,4,12
16572,3,1009.6,126,4,2,4,10
16573,2,663.61,84,3,2,3,8
16574,1,451.44,70,2,3,2,7
16581,1,105.84,182,1,1,2,4
16582,1,313.62,112,2,2,2,6
16583,1,233.45,373,1,1,2,4
16584,2,936.08,79,4,2,3,9
16586,1,463.95,248,2,1,2,5
16587,1,225.15,231,1,1,2,4
16589,3,459.24,70,2,3,4,9
16591,1,213.5,68,1,3,2,6
16592,16,4113.68,3,5,5,5,15
16593,3,330.03,50,2,3,4,9
16594,1,181.09,74,1,2,2,5
16595,1,360.16,60,2,3,2,7
16596,2,250.15,15,2,4,3,9
16597,1,90.04,3,1,5,2,8
16598,1,145.04999999999998,285,1,1,2,4
16600,6,813.52,3,3,5,5,13
16601,1,242.7,40,1,3,2,6
16602,1,528.08,35,3,3,2,8
16603,2,482.47,74,2,2,3,7
16607,14,3347.71,17,5,4,5,14
16609,7,5493.46,14,5,4,5,14
16610,1,75.66,218,1,1,2,4
16611,1,129.49,185,1,1,2,4
16612,4,1187.66,32,4,4,4,12
16613,1,618.59,69,3,3,2,8
16614,1,506.19,182,3,1,2,6
16616,2,500.42,14,3,4,3,10
16617,1,151.85,235,1,1,2,4
16618,5,2647.59,30,5,4,4,13
16619,1,226.21,263,1,1,2,4
16620,2,178.96,3,1,5,3,9
16621,4,813.48,51,3,3,4,10
16623,1,129.45,245,1,1,2,4
16624,2,810.5699999999999,80,3,2,3,8
16625,1,333.08,274,2,1,2,5
16626,17,4413.1,0,5,5,5,15
16627,1,322.8,78,2,2,2,6
16628,5,2188.05,29,5,4,4,13
16629,2,408.63,73,2,2,3,7
16633,6,2883.1,16,5,4,5,14
16634,2,217.9,222,1,1,3,5
16637,4,1154.47,31,4,4,4,12
16638,10,1680.72,22,4,4,5,13
16639,3,1257.51,30,4,4,4,12
16641,1,231.10000000000002,105,1,2,2,5
16642,2,688.33,4,3,5,3,11
16643,1,487.51,245,3,1,2,6
16644,2,833.78,177,3,2,3,8
16647,2,214.06,169,1,2,3,6
16648,1,290.65999999999997,42,2,3,2,7
16650,1,518.42,71,3,3,2,8
16652,7,6773.97,58,5,3,5,13
16653,2,1212.66,15,4,4,3,11
16654,4,601.27,140,3,2,4,9
16655,6,3789.52,17,5,4,5,14
16656,15,8625.8,21,5,4,5,14
16657,4,874.43,9,3,5,4,12
16658,1,123.24,367,1,1,2,4
16659,1,39.12,188,1,1,2,4
16660,4,1267.6499999999999,15,4,4,4,12
16665,1,135.39999999999998,361,1,1,2,4
16666,1,118.98,18,1,4,2,7
16667,2,567.1800000000001,67,3,3,3,9
16668,6,306.71999999999997,14,2,4,5,11
16669,3,1348.88,23,4,4,4,12
16670,11,4095.9,16,5,4,5,14
16671,3,1692.27,27,4,4,4,12
16672,20,8134.9400000000005,1,5,5,5,15
16674,2,304.24,54,2,3,3,8
16676,4,1592.1200000000001,33,4,3,4,11
16678,12,3109.99,2,5,5,5,15
16679,1,129.75,365,1,1,2,4
16680,1,183.7,42,1,3,2,6
16681,6,1770.34,72,4,2,5,11
16682,5,1028.0,4,4,5,4,13
16684,28,66653.56,3,5,5,5,15
16685,2,324.24,60,2,3,3,8
16686,7,2959.88,46,5,3,5,13
16688,4,1260.86,0,4,5,4,13
16689,2,422.59999999999997,75,2,2,3,7
16690,2,225.57999999999998,71,1,3,3,7
16692,2,1276.0,255,4,1,3,8
16693,2,477.86,68,2,3,3,8
16696,4,657.9000000000001,134,3,2,4,9
16697,1,112.75,240,1,1,2,4
16698,2,1998.0,226,4,1,3,8
16700,13,5076.55,8,5,5,5,15
16701,13,5398.3,8,5,5,5,15
16705,20,14034.99,0,5,5,5,15
16706,3,531.35,36,3,3,4,10
16708,1,656.63,45,3,3,2,8
16709,5,3029.87,84,5,2,4,11
16710,10,2467.99,18,5,4,5,14
16711,5,1651.03,2,4,5,4,13
16712,11,3611.31,8,5,5,5,15
16713,15,6910.78,18,5,4,5,14
16714,3,1129.06,218,4,1,4,9
16715,1,301.71999999999997,77,2,2,2,6
16716,2,901.2,266,3,1,3,7
16717,6,3843.08,23,5,4,5,14
16718,1,606.0500000000001,368,3,1,2,6
16719,7,1770.22,14,4,4,5,13
16720,1,152.95,25,1,4,2,7
16721,1,292.47,261,2,1,2,5
16722,13,4730.81,16,5,4,5,14
16723,2,576.4,90,3,2,3,8
16725,7,758.27,301,3,1,5,9
16726,5,1358.74,25,4,4,4,12
16727,1,256.32,363,2,1,2,5
16728,4,1048.28,45,4,3,4,11
16729,21,7205.33,37,5,3,5,13
16730,3,743.11,51,3,3,4,10
16732,1,603.75,31,3,4,2,9
16734,3,646.76,51,3,3,4,10
16735,5,2247.41,78,5,2,4,11
16737,1,417.59999999999997,52,2,3,2,7
16738,1,3.75,297,1,1,2,4
16739,1,323.0,176,2,2,2,6
16742,1,464.9,46,2,3,2,7
16743,7,2213.13,28,5,4,5,14
16744,7,1291.91,10,4,5,5,14
16745,17,7180.7,86,5,2,5,12
16746,18,6680.11,4,5,5,5,15
16747,2,836.06,37,3,3,3,9
16748,5,1515.9,17,4,4,4,12
16750,5,623.93,44,3,3,4,10
16751,1,1764.72,30,4,4,2,10
16752,1,207.5,372,1,1,2,4
16753,1,223.92000000000002,57,1,3,2,6
16754,1,2002.4,371,4,1,2,7
16755,3,1475.43,113,4,2,4,10
16756,1,239.4,214,1,1,2,4
16757,1,106.83000000000001,318,1,1,2,4
16758,1,369.34000000000003,64,2,3,2,7
16759,3,789.79,7,3,5,4,12
16761,1,316.62,96,2,2,2,6
16762,3,1207.24,19,4,4,4,12
16763,1,611.85,198,3,1,2,6
16764,13,2790.9500000000003,3,5,5,5,15
16765,1,34.0,293,1,1,2,4
16766,2,1145.6,272,4,1,3,8
16767,11,5575.56,30,5,4,5,14
16768,3,478.09000000000003,47,2,3,4,9
16769,1,361.54,259,2,1,2,5
16770,5,757.1,57,3,3,4,10
16771,5,2242.61,32,5,4,4,13
16773,1,171.59,56,1,3,2,6
16774,4,661.52,67,3,3,4,10
16775,11,1691.51,9,4,5,5,14
16776,1,371.54,59,2,3,2,7
16777,2,222.62,79,1,2,3,6
16778,2,245.94,73,1,2,3,6
16779,22,10611.720000000001,1,5,5,5,15
16780,2,422.24,99,2,2,3,7
16781,1,311.25,371,2,1,2,5
16782,13,2267.9500000000003,9,5,5,5,15
16784,1,107.6,19,1,4,2,7
16788,2,594.39,122,3,2,3,8
16789,1,80.8,7,1,5,2,8
16790,6,1545.6200000000001,3,4,5,5,14
16791,7,1705.78,28,4,4,5,13
16792,2,110.38000000000001,281,1,1,3,5
16793,1,243.84,56,1,3,2,6
16794,10,1196.5,0,4,5,5,14
16795,1,414.88,364,2,1,2,5
16796,1,305.62,88,2,2,2,6
16800,1,1162.65,10,4,5,2,11
16801,4,1594.23,162,4,2,4,10
16803,1,332.3,64,2,3,2,7
16804,3,536.99,22,3,4,4,11
16805,2,460.59,173,2,2,3,7
16806,4,762.16,102,3,2,4,9
16807,3,1121.59,142,4,2,4,10
16808,2,288.42,98,2,2,3,7
16809,5,914.69,22,3,4,4,11
16810,1,309.54,191,2,1,2,5
16811,2,547.07,4,3,5,3,11
16812,1,479.35,360,2,1,2,5
16813,10,1652.18,7,4,5,5,14
16814,21,6416.7,13,5,4,5,14
16816,4,417.06,102,2,2,4,8
16817,9,1604.75,2,4,5,5,14
16818,11,3349.57,10,5,5,5,15
16820,1,497.61,95,3,2,2,7
16823,1,358.38,226,2,1,2,5
16824,2,460.64,15,2,4,3,9
16825,2,775.1800000000001,38,3,3,3,9
16826,1,341.7,50,2,3,2,7
16828,2,128.5,92,1,2,3,6
16829,1,197.22,156,1,2,2,5
16830,1,325.91,38,2,3,2,7
16832,3,199.15,183,1,1,4,6
16833,4,1106.53,0,4,5,4,13
16834,1,413.46,227,2,1,2,5
16835,2,180.85,127,1,2,3,6
16836,2,251.87,39,2,3,3,8
16837,11,3170.98,30,5,4,5,14
16838,2,588.85,196,3,1,3,7
16839,34,16594.35,8,5,5,5,15
16841,6,1869.82,36,4,3,5,12
16842,3,1264.19,100,4,2,4,10
16843,16,10196.57,42,5,3,5,13
16846,1,214.32,49,1,3,2,6
16847,1,193.44,42,1,3,2,6
16848,1,281.42,52,2,3,2,7
16849,1,124.57,186,1,1,2,4
16850,1,332.41,333,2,1,2,5
16851,3,342.45,3,2,5,4,11
16852,2,144.91000000000003,9,1,5,3,9
16855,2,328.4,23,2,4,3,9
16856,1,35.400000000000006,14,1,4,2,7
16858,1,375.69000000000005,368,2,1,2,5
16859,2,747.81,144,3,2,3,8
16861,2,173.76,59,1,3,3,7
16863,2,502.8,30,3,4,3,10
16866,3,207.73999999999998,140,1,2,4,7
16869,4,817.12,22,3,4,4,11
16871,6,2812.34,21,5,4,5,14
16872,3,680.02,76,3,2,4,9
16873,6,7123.62,4,5,5,5,15
16875,5,2095.53,66,5,3,4,12
16877,6,846.62,11,3,5,5,13
16878,1,13.3,83,1,2,2,5
16880,7,1491.43,30,4,4,5,13
16881,1,432.0,66,2,3,2,7
16882,3,705.12,66,3,3,4,10
16883,2,272.48,186,2,1,3,6
16884,2,429.84000000000003,37,2,3,3,8
16885,3,450.41,14,2,4,4,10
16887,1,192.32999999999998,34,1,3,2,6
16889,3,1578.67,194,4,1,4,9
16891,5,742.43,1,3,5,4,12
16892,5,518.19,0,3,5,4,12
16893,1,145.93,366,1,1,2,4
16895,1,202.27,64,1,3,2,6
16897,2,289.78,298,2,1,3,6
16898,3,501.03,25,3,4,4,11
16899,6,1271.06,7,4,5,5,14
16900,3,887.11,16,3,4,4,11
16902,1,1706.88,115,4,2,2,8
16903,1,363.2,28,2,4,2,8
16904,16,3653.75,3,5,5,5,15
16905,7,3037.6,4,5,5,5,15
16906,4,559.59,81,3,2,4,9
16907,5,928.76,28,3,4,4,11
16909,1,379.14,71,2,3,2,7
16910,8,1508.96,3,4,5,5,14
16912,11,2555.58,28,5,4,5,14
16913,1,113.44,289,1,1,2,4
16914,1,183.76,35,1,3,2,6
16915,6,621.6800000000001,8,3,5,5,13
16916,2,562.41,23,3,4,3,10
16917,1,391.52,276,2,1,2,5
16918,6,1068.82,49,4,3,5,12
16919,11,2592.25,155,5,2,5,12
16921,1,154.18,60,1,3,2,6
16923,19,7069.08,11,5,5,5,15
16924,3,829.89,20,3,4,4,11
16926,1,230.25,370,1,1,2,4
16927,3,543.05,115,3,2,4,9
16928,17,2814.7,79,5,2,5,12
16929,7,1295.39,3,4,5,5,14
16930,3,378.89,25,2,4,4,10
16931,21,4554.87,4,5,5,5,15
16932,1,150.23000000000002,52,1,3,2,6
16933,2,563.23,0,3,5,3,11
16934,2,931.03,54,3,3,3,9
16936,1,261.9,25,2,4,2,8
16938,4,2711.6800000000003,8,5,5,4,14
16940,3,3049.88,51,5,3,4,12
16942,9,1904.99,12,4,5,5,14
16943,3,816.73,211,3,1,4,8
16945,19,4345.5,21,5,4,5,14
16947,1,406.48,235,2,1,2,5
16948,3,435.02,138,2,2,4,8
16949,6,1286.27,3,4,5,5,14
16950,3,1178.56,56,4,3,4,11
16951,3,1277.75,134,4,2,4,10
16952,2,167.61,108,1,2,3,6
16953,1,20.8,29,1,4,2,7
16954,9,2085.08,0,5,5,5,15
16955,4,518.67,184,3,1,4,8
16956,1,308.74,17,2,4,2,8
16957,2,416.64,238,2,1,3,6
16959,1,117.35000000000001,86,1,2,2,5
16960,3,507.05,38,3,3,4,10
16961,1,234.17,115,1,2,2,5
16963,1,110.55000000000001,186,1,1,2,4
16965,1,201.19,226,1,1,2,4
16966,7,2154.97,7,5,5,5,15
16967,1,319.02,188,2,1,2,5
16968,2,439.43,3,2,5,3,10
16969,3,650.41,38,3,3,4,10
16971,1,357.21,37,2,3,2,7
16976,1,251.51999999999998,266,2,1,2,5
16978,1,344.33,77,2,2,2,6
16979,6,1852.0,3,4,5,5,14
16980,2,1028.46,254,4,1,3,8
16982,1,384.06,60,2,3,2,7
16983,7,1905.87,12,4,5,5,14
16984,2,4459.52,87,5,2,3,10
16985,10,5464.12,16,5,4,5,14
16986,2,1873.2,29,4,4,3,11
16987,7,1616.8,2,4,5,5,14
16988,1,126.12,4,1,5,2,8
16989,6,1133.25,6,4,5,5,14
16990,1,179.0,218,1,1,2,4
16992,5,1614.31,10,4,5,4,13
16996,6,1456.96,29,4,4,5,13
16997,3,702.0,287,3,1,4,8
16998,4,295.0,149,2,2,4,8
16999,2,484.82,22,2,4,3,9
17001,11,3989.57,0,5,5,5,15
17002,3,1493.73,85,4,2,4,10
17004,2,1312.1399999999999,45,4,3,3,10
17006,4,781.78,4,3,5,4,12
17007,6,889.9300000000001,50,3,3,5,11
17010,1,195.36,17,1,4,2,7
17011,1,270.9,29,2,4,2,8
17014,3,583.4300000000001,7,3,5,4,12
17015,3,1838.6100000000001,28,4,4,4,12
17017,20,8694.26,2,5,5,5,15
17018,2,920.1,40,3,3,3,9
17019,4,1258.08,10,4,5,4,13
17022,1,71.0,30,1,4,2,7
17024,3,95.85,44,1,3,4,8
17025,3,357.77,60,2,3,4,9
17026,2,154.82999999999998,184,1,1,3,5
17027,6,877.5600000000001,78,3,2,5,10
17029,2,716.0,110,3,2,3,8
17030,1,146.87,63,1,3,2,6
17031,2,380.35,11,2,5,3,10
17033,3,1030.14,85,4,2,4,10
17034,3,745.52,15,3,4,4,11
17035,2,433.53000000000003,245,2,1,3,6
17037,1,1267.32,87,4,2,2,8
17038,1,112.4,29,1,4,2,7
17040,1,449.73,137,2,2,2,6
17041,3,1071.49,26,4,4,4,12
17042,5,1036.58,2,4,5,4,13
17043,4,1735.18,31,4,4,4,12
17044,1,948.48,24,4,4,2,10
17045,3,339.44,112,2,2,4,8
17046,1,642.02,156,3,2,2,7
17047,3,1100.9,84,4,2,4,10
17048,3,925.35,117,3,2,4,9
17049,9,5655.03,2,5,5,5,15
17050,6,3185.64,95,5,2,5,12
17051,1,240.89000000000001,193,1,1,2,4
17052,1,399.09,27,2,4,2,8
17053,1,498.48,130,3,2,2,7
17054,5,1356.33,27,4,4,4,12
17058,3,1179.89,81,4,2,4,10
17059,5,3080.39,29,5,4,4,13
17060,1,234.24,265,1,1,2,4
17061,11,5232.2300000000005,73,5,2,5,12
17062,4,533.33,313,3,1,4,8
17063,7,1461.14,20,4,4,5,13
17064,3,855.45,58,3,3,4,10
17068,21,4552.14,11,5,5,5,15
17069,9,2709.7000000000003,27,5,4,5,14
17070,1,304.24,113,2,2,2,6
17071,9,2429.03,27,5,4,5,14
17073,4,1446.09,17,4,4,4,12
17075,4,834.12,17,3,4,4,11
17076,3,841.0799999999999,35,3,3,4,10
17078,2,378.2,35,2,3,3,8
17079,1,118.80000000000001,77,1,2,2,5
17080,2,287.62,21,2,4,3,9
17081,2,288.91,24,2,4,3,9
17082,2,2003.85,32,4,4,3,11
17083,3,1405.78,108,4,2,4,10
17084,2,2747.9900000000002,34,5,3,3,11
17085,5,1562.4,122,4,2,4,10
17086,6,2050.08,6,4,5,5,14
17088,4,1991.01,27,4,4,4,12
17090,7,1974.65,3,4,5,5,14
17091,9,3827.76,2,5,5,5,15
17092,4,1774.03,49,4,3,4,11
17094,1,302.0,321,2,1,2,5
17095,3,1324.16,22,4,4,4,12
17096,4,1022.13,14,4,4,4,12
17097,8,954.42,1,4,5,5,14
17100,2,971.74,17,4,4,3,11
17101,4,1621.73,9,4,5,4,13
17102,1,25.5,261,1,1,2,4
17105,2,665.78,158,3,2,3,8
17107,6,10797.48,32,5,4,5,14
17109,6,881.29,28,3,4,5,12
17110,1,163.29999999999998,164,1,2,2,5
17111,1,231.61,46,1,3,2,6
17114,8,801.12,5,3,5,5,13
17115,3,837.5,7,3,5,4,12
17117,1,116.19999999999999,287,1,1,2,4
17118,1,157.02,317,1,1,2,4
17119,2,606.91,2,3,5,3,11
17120,1,307.46,232,2,1,2,5
17122,1,138.32,118,1,2,2,5
17123,1,345.29999999999995,161,2,2,2,6
17124,1,294.24,184,2,1,2,5
17125,1,230.5,49,1,3,2,6
17126,5,989.45,151,4,2,4,10
17128,1,157.09,334,1,1,2,4
17131,5,2463.17,4,5,5,4,14
17133,7,4892.240000000001,15,5,4,5,14
17134,2,413.2,106,2,2,3,7
17135,7,1139.73,15,4,4,5,13
17138,1,380.5,275,2,1,2,5
17139,12,10650.77,15,5,4,5,14
17140,1,454.12,246,2,1,2,5
17142,1,579.0,238,3,1,2,6
17144,2,984.57,0,4,5,3,12
17146,3,749.78,105,3,2,4,9
17147,4,1714.59,22,4,4,4,12
17148,1,124.88,51,1,3,2,6
17152,3,1689.5,194,4,1,4,9
17153,1,213.78,23,1,4,2,7
17154,1,329.34,74,2,2,2,6
17155,2,251.70000000000002,17,2,4,3,9
17157,2,319.0,7,2,5,3,10
17158,3,1266.97,31,4,4,4,12
17159,3,1538.88,21,4,4,4,12
17160,6,3518.03,30,5,4,5,14
17162,10,1715.46,28,4,4,5,13
17163,2,293.1,21,2,4,3,9
17164,7,2467.35,32,5,4,5,14
17165,1,158.68,283,1,1,2,4
17166,2,206.34,38,1,3,3,7
17169,2,835.78,57,3,3,3,9
17171,1,224.91,288,1,1,2,4
17172,1,317.76,78,2,2,2,6
17173,8,3766.6,4,5,5,5,15
17174,1,59.9,217,1,1,2,4
17175,4,1443.69,43,4,3,4,11
17176,1,306.13,201,2,1,2,5
17179,3,711.79,177,3,2,4,9
17180,4,783.97,55,3,3,4,10
17181,2,239.92000000000002,56,1,3,3,7
17183,6,3347.31,7,5,5,5,15
17186,2,144.0,46,1,3,3,7
17187,1,203.95,226,1,1,2,4
17188,7,2474.23,10,5,5,5,15
17189,2,383.75,105,2,2,3,7
17190,2,444.74,58,2,3,3,8
17191,7,2093.68,27,5,4,5,14
17193,7,1699.3000000000002,35,4,3,5,12
17194,2,262.62,273,2,1,3,6
17197,1,1013.01,29,4,4,2,10
17198,3,692.22,23,3,4,4,11
17201,1,289.78,53,2,3,2,7
17203,6,3560.08,35,5,3,5,13
17204,4,1564.56,174,4,2,4,10
17205,1,384.08,53,2,3,2,7
17206,1,204.24,52,1,3,2,6
17211,8,2317.2200000000003,26,5,4,5,14
17212,1,226.85,252,1,1,2,4
17213,7,2781.23,39,5,3,5,13
17214,6,1059.1200000000001,59,4,3,5,12
17217,1,113.5,233,1,1,2,4
17218,10,1951.97,3,4,5,5,14
17219,1,114.23,31,1,4,2,7
17220,14,3187.55,23,5,4,5,14
17221,2,334.48,6,2,5,3,10
17222,1,328.65,64,2,3,2,7
17223,2,416.89,309,2,1,3,6
17226,1,393.49,308,2,1,2,5
17227,6,939.32,18,4,4,5,13
17228,8,1906.09,15,4,4,5,13
17229,2,318.76,95,2,2,3,7
17230,8,3638.41,263,5,1,5,11
17231,10,3124.72,11,5,5,5,15
17232,2,417.77,2,2,5,3,10
17233,1,190.88,34,1,3,2,6
17234,1,149.89000000000001,182,1,1,2,4
17235,2,550.06,24,3,4,3,10
17236,6,916.13,12,3,5,5,13
17237,2,314.69,10,2,5,3,10
17238,17,3719.1,2,5,5,5,15
17239,1,382.5,312,2,1,2,5
17242,2,1135.04,107,4,2,3,9
17243,26,8540.05,0,5,5,5,15
17244,1,954.9,52,4,3,2,9
17245,1,171.45,204,1,1,2,4
17247,1,280.09000000000003,14,2,4,2,8
17248,1,318.65,119,2,2,2,6
17250,2,381.97,3,2,5,3,10
17251,1,269.83,362,2,1,2,5
17252,2,348.91,116,2,2,3,7
17253,1,178.26,17,1,4,2,7
17254,2,271.19,4,2,5,3,10
17255,2,291.48,40,2,3,3,8
17256,2,240.0,106,1,2,3,6
17259,2,581.23,147,3,2,3,8
17262,5,1253.3600000000001,51,4,3,4,11
17263,1,63.440000000000005,207,1,1,2,4
17265,2,550.01,138,3,2,3,8
17266,3,296.58,1,2,5,4,11
17267,2,317.2,126,2,2,3,7
17268,4,763.64,107,3,2,4,9
17272,4,2148.63,41,5,3,4,12
17274,1,107.82,34,1,3,2,6
17277,2,1065.3500000000001,227,4,1,3,8
17278,1,246.04,240,1,1,2,4
17279,1,187.82999999999998,57,1,3,2,6
17282,3,1685.46,129,4,2,4,10
17284,6,1647.48,59,4,3,5,12
17286,1,151.37,21,1,4,2,7
17287,7,1049.06,25,4,4,5,13
17288,7,1417.63,8,4,5,5,14
17289,3,931.02,31,3,4,4,11
17290,2,513.01,3,3,5,3,11
17291,1,550.8000000000001,307,3,1,2,6
17293,9,1854.06,7,4,5,5,14
17295,3,547.0,28,3,4,4,11
17297,1,128.18,16,1,4,2,7
17298,2,498.42,100,3,2,3,8
17299,4,656.61,11,3,5,4,12
17301,1,163.24,20,1,4,2,7
17302,5,1135.63,14,4,4,4,12
17303,1,250.04,360,2,1,2,5
17306,19,8631.31,10,5,5,5,15
17309,1,82.75,94,1,2,2,5
17311,2,1384.85,77,4,2,3,9
17312,3,644.3,138,3,2,4,9
17313,1,2328.84,30,5,4,2,11
17314,8,2527.92,24,5,4,5,14
17315,38,6281.23,1,5,5,5,15
17317,3,2600.34,45,5,3,4,12
17320,3,1200.6200000000001,99,4,2,4,10
17321,2,657.16,7,3,5,3,11
17323,7,906.52,14,3,4,5,12
17324,4,986.48,17,4,4,4,12
17325,1,96.8,279,1,1,2,4
17329,2,523.11,13,3,4,3,10
17330,2,363.9,22,2,4,3,9
17331,1,175.2,123,1,2,2,5
17333,1,494.25,85,3,2,2,7
17334,2,307.02,301,2,1,3,6
17337,4,1981.06,150,4,2,4,10
17338,8,6493.54,16,5,4,5,14
17339,2,243.36,93,1,2,3,6
17340,11,12353.29,29,5,4,5,14
17341,3,682.29,156,3,2,4,9
17343,1,193.64,354,1,1,2,4
17344,1,157.62,45,1,3,2,6
17345,4,519.6899999999999,14,3,4,4,11
17346,15,2622.88,3,5,5,5,15
17347,1,228.96,85,1,2,2,5
17348,5,1156.6,14,4,4,4,12
17349,1,98.25,178,1,2,2,5
17350,4,1281.32,7,4,5,4,13
17351,3,587.15,35,3,3,4,10
17353,2,1740.0,128,4,2,3,9
17354,1,1393.06,50,4,3,2,9
17356,1,178.22,311,1,1,2,4
17357,2,384.39,23,2,4,3,9
17358,2,360.81,302,2,1,3,6
17359,1,127.86,10,1,5,2,8
17360,3,568.24,16,3,4,4,11
17361,3,488.2,48,3,3,4,10
17362,2,312.23,238,2,1,3,6
17364,11,4462.68,0,5,5,5,15
17365,8,4767.36,12,5,5,5,15
17367,1,167.55,237,1,1,2,4
17368,8,1878.87,22,4,4,5,13
17370,4,446.18,72,2,2,4,8
17371,3,418.4,16,2,4,4,10
17372,8,1337.18,40,4,3,5,12
17373,4,646.92,39,3,3,4,10
17374,2,495.77,218,3,1,3,7
17375,3,400.1,198,2,1,4,7
17376,2,203.2,70,1,3,3,7
17377,20,4058.32,23,5,4,5,14
17379,1,389.71999999999997,10,2,5,2,9
17381,29,20275.61,8,5,5,5,15
17382,1,65.4,64,1,3,2,6
17383,1,193.39000000000001,3,1,5,2,8
17384,2,336.4,18,2,4,3,9
17385,1,256.11,14,2,4,2,8
17386,6,2686.42,7,5,5,5,15
17387,2,746.81,19,3,4,3,10
17388,4,1259.56,77,4,2,4,10
17389,34,31833.68,0,5,5,5,15
17391,2,508.8,163,3,2,3,8
17392,2,417.27,306,2,1,3,6
17394,1,203.86999999999998,218,1,1,2,4
17396,8,7330.8,38,5,3,5,13
17397,2,681.41,21,3,4,3,10
17398,3,653.38,114,3,2,4,9
17400,5,2097.84,125,5,2,4,11
17402,13,2633.85,4,5,5,5,15
17403,1,263.92,35,2,3,2,7
17404,15,31906.82,3,5,5,5,15
17405,3,1031.41,0,4,5,4,13
17406,3,2184.42,332,5,1,4,10
17408,1,32.65,162,1,2,2,5
17409,2,771.85,184,3,1,3,7
17410,5,1214.72,15,4,4,4,12
17411,3,778.94,11,3,5,4,12
17412,7,1258.06,2,4,5,5,14
17414,2,778.0,43,3,3,3,9
17415,1,507.84,79,3,2,2,7
17416,7,6893.42,29,5,4,5,14
17418,2,463.46000000000004,41,2,3,3,8
17419,12,4226.57,10,5,5,5,15
17420,3,598.83,49,3,3,4,10
17422,6,1979.37,15,4,4,5,13
17423,2,698.41,45,3,3,3,9
17425,2,759.17,18,3,4,3,10
17426,6,5037.26,7,5,5,5,15
17427,1,100.8,71,1,3,2,6
17428,28,17256.85,0,5,5,5,15
17429,3,524.9200000000001,127,3,2,4,9
17430,2,265.76,32,2,4,3,9
17431,1,403.3,312,2,1,2,5
17432,2,365.76,17,2,4,3,9
17433,1,303.15999999999997,87,2,2,2,6
17434,7,2373.82,1,5,5,5,15
17436,2,216.29999999999998,1,1,5,3,9
17438,1,388.45000000000005,253,2,1,2,5
17440,3,186.42000000000002,156,1,2,4,7
17442,6,2248.56,36,5,3,5,13
17443,1,534.24,219,3,1,2,6
17444,3,2940.04,147,5,2,4,11
17446,2,120.9,176,1,2,3,6
17447,2,541.53,39,3,3,3,9
17449,7,2519.21,1,5,5,5,15
17450,46,194390.79,7,5,5,5,15
17451,7,1721.4,0,4,5,5,14
17453,2,486.71999999999997,17,2,4,3,9
17454,4,517.53,191,3,1,4,8
17455,1,131.7,203,1,1,2,4
17456,1,249.86,364,2,1,2,5
17457,5,1737.7,126,4,2,4,10
17458,1,316.5,14,2,4,2,8
17459,2,657.3,42,3,3,3,9
17460,6,622.4300000000001,93,3,2,5,10
17461,3,735.82,22,3,4,4,11
17462,2,675.69,59,3,3,3,9
17463,5,1875.86,15,4,4,4,12
17464,1,289.96000000000004,157,2,2,2,6
17466,2,763.28,9,3,5,3,11
17468,2,137.0,9,1,5,3,9
17469,5,1870.97,15,4,4,4,12
17470,5,1125.07,44,4,3,4,11
17472,3,697.54,190,3,1,4,8
17475,1,194.37,78,1,2,2,5
17480,1,511.82,77,3,2,2,7
17481,4,1255.59,3,4,5,4,13
17483,3,414.04,64,2,3,4,9
17486,1,396.87,260,2,1,2,5
17489,2,376.64,58,2,3,3,8
17490,7,2092.32,0,5,5,5,15
17491,10,3558.87,0,5,5,5,15
17492,1,374.57,247,2,1,2,5
17495,2,497.56,7,3,5,3,11
17496,1,271.05,358,2,1,2,5
17498,1,272.22,75,2,2,2,6
17499,1,622.88,289,3,1,2,6
17500,3,1138.0,16,4,4,4,12
17501,2,288.6,220,2,1,3,6
17502,4,689.1,8,3,5,4,12
17503,2,558.96,2,3,5,3,11
17504,9,2997.0299999999997,205,5,1,5,11
17505,2,1145.84,161,4,2,3,9
17506,1,302.2,75,2,2,2,6
17507,2,605.58,261,3,1,3,7
17508,1,387.31,280,2,1,2,5
17509,8,6083.64,57,5,3,5,13
17510,1,308.48,24,2,4,2,8
17511,31,91062.38,2,5,5,5,15
17512,10,2924.9900000000002,28,5,4,5,14
17513,1,513.2,71,3,3,2,8
17514,1,208.65,127,1,2,2,5
17515,4,639.02,30,3,4,4,11
17516,5,764.88,14,3,4,4,11
17517,1,153.94,308,1,1,2,4
17519,6,1844.02,16,4,4,5,13
17520,1,546.81,53,3,3,2,8
17521,3,723.2099999999999,29,3,4,4,11
17522,5,1070.71,1,4,5,4,13
17523,4,652.74,10,3,5,4,12
17524,1,145.0,360,1,1,2,4
17525,1,422.70000000000005,359,2,1,2,5
17526,4,1195.8999999999999,4,4,5,4,13
17527,4,939.37,53,4,3,4,11
17528,8,3628.5,0,5,5,5,15
17530,10,2367.12,0,5,5,5,15
17531,1,296.7,189,2,1,2,5
17534,1,223.36,53,1,3,2,6
17535,1,164.4,279,1,1,2,4
17536,1,76.5,176,1,2,2,5
17537,2,887.67,29,3,4,3,10
17538,1,98.42,25,1,4,2,7
17540,2,578.9,24,3,4,3,10
17542,1,170.75,269,1,1,2,4
17545,3,642.32,42,3,3,4,10
17548,1,103.3,233,1,1,2,4
17549,2,148.86,23,1,4,3,8
17550,3,267.16,196,2,1,4,7
17551,1,290.34,358,2,1,2,5
17552,4,930.41,59,3,3,4,10
17553,1,1487.6,129,4,2,2,8
17554,5,1952.45,0,4,5,4,13
17555,2,480.31,19,2,4,3,9
17556,1,157.9,205,1,1,2,4
17557,3,541.46,13,3,4,4,11
17560,4,854.95,94,3,2,4,9
17561,1,165.12,18,1,4,2,7
17562,7,1122.38,13,4,4,5,13
17564,3,454.01,23,2,4,4,10
17566,2,869.77,7,3,5,3,11
17567,8,4331.48,6,5,5,5,15
17569,1,344.14,331,2,1,2,5
17571,4,1425.67,49,4,3,4,11
17572,4,226.75000000000003,70,1,3,4,8
17573,3,380.6,28,2,4,4,10
17574,1,185.65,242,1,1,2,4
17576,19,3564.83,7,5,5,5,15
17578,1,143.45999999999998,217,1,1,2,4
17579,3,448.90000000000003,4,2,5,4,11
17580,3,215.72,252,1,1,4,6
17581,25,11025.24,0,5,5,5,15
17582,1,175.27,235,1,1,2,4
17584,2,1242.3,6,4,5,3,12
17585,4,1116.68,108,4,2,4,10
17588,3,1240.2,99,4,2,4,10
17589,4,2404.17,59,5,3,4,12
17590,3,1468.02,1,4,5,4,13
17591,7,2203.67,72,5,2,5,12
17593,5,3923.86,3,5,5,4,14
17594,2,993.18,84,4,2,3,9
17595,2,386.69,11,2,5,3,10
17596,7,2806.69,22,5,4,5,14
17597,1,2044.3700000000001,213,4,1,2,7
17600,1,161.67000000000002,17,1,4,2,7
17601,1,116.00999999999999,238,1,1,2,4
17602,6,5054.42,1,5,5,5,15
17603,1,394.72,77,2,2,2,6
17604,2,309.36,216,2,1,3,6
17608,2,191.99,32,1,4,3,8
17609,5,1105.78,40,4,3,4,11
17611,15,3961.12,6,5,5,5,15
17612,6,2048.45,52,4,3,5,12
17613,14,4544.55,22,5,4,5,14
17614,1,386.32,56,2,3,2,7
17615,3,329.6,129,2,2,4,8
17616,3,571.1999999999999,173,3,2,4,9
17618,3,930.28,5,3,5,4,12
17619,1,214.37,311,1,1,2,4
17620,1,81.44,59,1,3,2,6
17621,3,1379.9,20,4,4,4,12
17623,1,527.0500000000001,32,3,4,2,9
17624,2,843.48,14,3,4,3,10
17625,4,2020.4,17,4,4,4,12
17628,1,75.75,80,1,2,2,5
17629,8,1814.12,5,4,5,5,14
17630,2,503.59999999999997,169,3,2,3,8
17631,3,528.33,1,3,5,4,12
17633,4,1324.84,30,4,4,4,12
17634,9,2358.59,35,5,3,5,13
17636,1,285.56,18,2,4,2,8
17637,2,547.0600000000001,30,3,4,3,10
17639,1,108.5,275,1,1,2,4
17640,1,621.66,86,3,2,2,7
17642,2,712.29,119,3,2,3,8
17643,1,101.55,372,1,1,2,4
17644,11,2895.64,0,5,5,5,15
17646,3,1008.39,218,4,1,4,9
17647,1,133.06,64,1,3,2,6
17648,4,1797.5,60,4,3,4,11
17649,1,868.49,137,3,2,2,7
17650,1,166.08,20,1,4,2,7
17651,10,3945.0,11,5,5,5,15
17652,12,4867.72,24,5,4,5,14
17653,4,1207.56,36,4,3,4,11
17654,1,117.55,276,1,1,2,4
17655,7,2638.94,10,5,5,5,15
17656,5,1674.69,72,4,2,4,10
17658,2,595.42,25,3,4,3,10
17659,12,2999.46,16,5,4,5,14
17660,1,178.75,140,1,2,2,5
17663,7,1802.91,25,4,4,5,13
17664,2,604.64,18,3,4,3,10
17666,2,728.16,3,3,5,3,11
17667,5,2055.51,65,5,3,4,12
17668,2,347.75,0,2,5,3,10
17669,7,3406.7200000000003,42,5,3,5,13
17670,1,205.7,227,1,1,2,4
17671,4,1572.71,15,4,4,4,12
17672,2,3178.17,49,5,3,3,11
17673,6,1594.97,1,4,5,5,14
17674,2,551.04,73,3,2,3,8
17675,31,20374.28,0,5,5,5,15
17676,6,1371.18,3,4,5,5,14
17677,30,16345.38,1,5,5,5,15
17678,1,298.11,263,2,1,2,5
17679,2,1992.1100000000001,52,4,3,3,10
17680,1,184.4,23,1,4,2,7
17682,6,2474.33,9,5,5,5,15
17684,1,239.41,43,1,3,2,6
17685,7,3155.83,16,5,4,5,14
17686,7,5739.46,6,5,5,5,15
17690,15,4726.8,29,5,4,5,14
17691,2,290.40000000000003,357,2,1,3,6
17692,4,740.9399999999999,126,3,2,4,9
17693,1,200.47,136,1,2,2,5
17694,1,283.12,141,2,2,2,6
17695,2,765.34,131,3,2,3,8
17696,8,2285.71,37,5,3,5,13
17697,1,338.95,235,2,1,2,5
17698,1,154.95,260,1,1,2,4
17700,4,2534.64,16,5,4,4,13
17701,1,417.95,252,2,1,2,5
17702,4,1824.37,29,4,4,4,12
17703,3,798.74,34,3,3,4,10
17704,2,885.19,168,3,2,3,8
17705,9,1823.52,2,4,5,5,14
17706,17,10504.49,3,5,5,5,15
17707,2,152.4,184,1,1,3,5
17708,2,263.33,187,2,1,3,6
17709,1,137.45,169,1,2,2,5
17711,2,385.1,10,2,5,3,10
17712,1,522.91,44,3,3,2,8
17714,1,153.0,320,1,1,2,4
17715,1,326.4,200,2,1,2,5
17716,11,5655.99,22,5,4,5,14
17718,1,139.35,231,1,1,2,4
17719,15,5396.04,37,5,3,5,13
17720,4,1195.94,25,4,4,4,12
17722,4,2424.04,95,5,2,4,11
17723,6,3276.4000000000005,126,5,2,5,12
17724,3,1033.0,70,4,3,4,11
17725,11,3439.08,15,5,4,5,14
17727,1,1060.25,14,4,4,2,10
17728,3,2876.01,3,5,5,4,14
17730,13,5298.4800000000005,2,5,5,5,15
17731,4,1240.11,78,4,2,4,10
17732,1,303.97,372,2,1,2,5
17733,2,692.19,38,3,3,3,9
17734,3,700.63,53,3,3,4,10
17735,19,13110.02,1,5,5,5,15
17736,3,377.44,8,2,5,4,11
17737,2,168.24,8,1,5,3,9
17738,4,1879.05,18,4,4,4,12
17739,7,2791.35,11,5,5,5,15
17742,2,355.11,112,2,2,3,7
17744,6,2322.4,3,5,5,5,15
17746,1,110.25,239,1,1,2,4
17747,1,71.4,112,1,2,2,5
17749,2,674.52,177,3,2,3,8
17750,9,1710.45,4,4,5,5,14
17752,1,80.64,358,1,1,2,4
17754,5,1664.65,0,4,5,4,13
17757,30,5593.39,0,5,5,5,15
17758,8,3408.2000000000003,18,5,4,5,14
17759,3,819.96,16,3,4,4,11
17760,2,287.59,21,2,4,3,9
17761,1,712.78,32,3,4,2,9
17763,1,15.0,262,1,1,2,4
17764,2,772.55,50,3,3,3,9
17765,3,367.63,158,2,2,4,8
17767,1,271.2,14,2,4,2,8
17768,3,2081.9,7,5,5,4,14
17769,10,3957.43,12,5,5,5,15
17770,5,1143.27,198,4,1,4,9
17771,2,245.81,56,1,3,3,7
17772,2,173.45,10,1,5,3,9
17774,4,1213.73,96,4,2,4,10
17775,1,56.4,254,1,1,2,4
17777,3,647.56,24,3,4,4,11
17779,3,650.32,20,3,4,4,11
17781,2,188.02,158,1,2,3,6
17783,2,283.47,71,2,3,3,8
17785,1,131.94,52,1,3,2,6
17786,2,266.85,84,2,2,3,7
17787,4,1817.54,152,4,2,4,10
17788,2,1117.9,73,4,2,3,9
17789,1,225.9,280,1,1,2,4
17790,14,1964.3,26,4,4,5,13
17791,1,106.1,29,1,4,2,7
17793,1,300.34,24,2,4,2,8
17795,2,342.83,179,2,1,3,6
17796,4,690.0,39,3,3,4,10
17797,3,780.43,21,3,4,4,11
17799,10,3039.17,21,5,4,5,14
17800,9,1187.21,36,4,3,5,12
17802,3,1285.04,81,4,2,4,10
17805,1,512.31,73,3,2,2,7
17806,1,546.04,10,3,5,2,10
17809,12,5411.91,15,5,4,5,14
17811,39,7761.82,3,5,5,5,15
17812,4,699.81,12,3,5,4,12
17813,5,1698.07,13,4,4,4,12
17816,4,36.56,36,1,3,4,8
17817,3,387.68,3,2,5,4,11
17819,7,3704.87,71,5,3,5,13
17824,1,298.4,50,2,3,2,7
17827,5,1987.33,4,4,5,4,13
17828,4,1820.09,22,4,4,4,12
17829,1,889.24,298,3,1,2,6
17830,3,398.7,1,2,5,4,11
17831,1,35.400000000000006,32,1,4,2,7
17832,1,155.37,49,1,3,2,6
17835,3,342.24,2,2,5,4,11
17836,1,110.21000000000001,46,1,3,2,6
17837,8,1541.23,41,4,3,5,12
17838,5,2720.8,26,5,4,4,13
17839,1,318.15,41,2,3,2,7
17841,124,40519.84,1,5,5,5,15
17843,1,205.48,302,1,1,2,4
17844,1,51.559999999999995,106,1,2,2,5
17846,1,2033.1,84,4,2,2,8
17848,9,901.1999999999999,80,3,2,5,10
17849,4,605.8000000000001,217,3,1,4,8
17850,34,5391.21,371,5,1,5,11
17852,2,114.34,11,1,5,3,9
17854,2,311.26,184,2,1,3,6
17855,1,208.97,372,1,1,2,4
17856,4,1418.03,1,4,5,4,13
17857,23,26879.04,3,5,5,5,15
17858,12,5140.66,5,5,5,5,15
17859,1,141.92000000000002,304,1,1,2,4
17860,1,226.45000000000002,368,1,1,2,4
17861,8,2097.88,2,5,5,5,15
17862,1,330.9,323,2,1,2,5
17863,6,3160.0,58,5,3,5,13
17864,3,554.85,12,3,5,4,12
17865,20,10526.32,30,5,4,5,14
17866,1,329.65,142,2,2,2,6
17867,6,1157.8700000000001,29,4,4,5,13
17869,5,428.18,106,2,2,4,8
17870,12,1865.89,1,4,5,5,14
17871,1,155.9,204,1,1,2,4
17873,5,1848.96,79,4,2,4,10
17874,6,683.46,184,3,1,5,9
17877,1,237.61,169,1,2,2,5
17878,1,379.45,43,2,3,2,7
17879,1,178.51999999999998,173,1,2,2,5
17880,1,458.92,364,2,1,2,5
17881,1,133.35000000000002,303,1,1,2,4
17883,4,664.34,2,3,5,4,12
17884,4,695.0699999999999,3,3,5,4,12
17885,1,156.34,11,1,5,2,8
17886,3,869.28,31,3,4,4,11
17887,1,111.35,128,1,2,2,5
17888,8,716.0,20,3,4,5,12
17889,2,201.37,211,1,1,3,5
17890,2,586.89,322,3,1,3,7
17891,1,203.85999999999999,161,1,2,2,5
17892,3,244.1,55,1,3,4,8
17893,1,107.21,224,1,1,2,4
17894,8,1118.96,71,4,3,5,12
17895,1,95.45,43,1,3,2,6
17896,1,256.32,22,2,4,2,8
17897,3,541.8100000000001,172,3,2,4,9
17898,2,152.06,84,1,2,3,6
17899,1,154.55,158,1,2,2,5
17900,2,112.19999999999999,189,1,1,3,5
17901,1,110.38,28,1,4,2,7
17904,1,181.07,20,1,4,2,7
17905,4,798.99,70,3,3,4,10
17906,1,72.9,246,1,1,2,4
17908,1,232.03,373,1,1,2,4
17911,1,366.23,8,2,5,2,9
17912,5,310.06,309,2,1,4,7
17913,2,408.65,58,2,3,3,8
17914,1,329.36,3,2,5,2,9
17917,3,335.03,44,2,3,4,9
17919,1,1304.04,87,4,2,2,8
17920,17,4119.5,3,5,5,5,15
17921,4,820.23,63,3,3,4,10
17923,1,207.50000000000003,281,1,1,2,4
17924,7,2962.5,11,5,5,5,15
17925,1,244.08,372,1,1,2,4
17926,2,397.29,132,2,2,3,7
17928,2,212.54,44,1,3,3,7
17929,4,843.0,10,3,5,4,12
17930,5,1740.48,35,4,3,4,11
17931,2,408.36,133,2,2,3,7
17932,3,1331.57,28,4,4,4,12
17934,2,704.25,51,3,3,3,9
17935,2,145.79,137,1,2,3,6
17936,1,380.13,4,2,5,2,9
17937,7,4301.22,8,5,5,5,15
17939,1,99.14,159,1,2,2,5
17940,10,4020.04,48,5,3,5,13
17941,1,304.56,130,2,2,2,6
17942,1,77.50000000000001,7,1,5,2,8
17946,2,149.57999999999998,232,1,1,3,5
17947,1,176.68,36,1,3,2,6
17948,1,358.56000000000006,146,2,2,2,6
17949,45,58510.48,0,5,5,5,15
17950,3,482.2,71,2,3,4,9
17951,3,1008.5400000000001,39,4,3,4,11
17954,12,2314.13,4,5,5,5,15
17955,4,557.3,198,3,1,4,8
17956,1,12.75,248,1,1,2,4
17957,1,111.68,65,1,3,2,6
17958,1,508.4599999999999,116,3,2,2,7
17960,1,73.78,170,1,2,2,5
17961,39,1296.44,20,4,4,5,13
17962,1,102.41,141,1,2,2,5
17964,2,463.21,31,2,4,3,9
17965,14,2599.19,37,5,3,5,13
17966,5,1098.43,37,4,3,4,11
17967,1,112.27,371,1,1,2,4
17968,1,265.1,373,2,1,2,5
17969,2,228.2,165,1,2,3,6
17970,1,562.79,210,3,1,2,6
17972,1,135.19,241,1,1,2,4
17973,1,337.04,51,2,3,2,7
17974,3,703.99,24,3,4,4,11
17975,13,4483.26,14,5,4,5,14
17976,1,321.79,371,2,1,2,5
17977,1,288.14,28,2,4,2,8
17978,1,300.91999999999996,364,2,1,2,5
17979,4,732.41,35,3,3,4,10
17980,3,811.45,165,3,2,4,9
17984,1,152.68,144,1,2,2,5
17985,1,631.35,21,3,4,2,9
17986,1,20.8,55,1,3,2,6
17987,1,198.57,184,1,1,2,4
17988,7,201.12,11,1,5,5,11
17990,3,630.84,236,3,1,4,8
17991,2,93.35,224,1,1,3,5
17994,4,674.89,121,3,2,4,9
17995,1,76.1,281,1,1,2,4
17997,8,1962.46,73,4,2,5,11
17999,2,380.39,36,2,3,3,8
18001,2,415.13,11,2,5,3,10
18004,1,157.92,361,1,1,2,4
18005,2,226.47,3,1,5,3,9
18006,1,444.68,22,2,4,2,8
18008,9,2116.19,69,5,3,5,13
18009,1,247.39,234,1,1,2,4
18010,1,174.8,256,1,1,2,4
18011,1,102.78999999999999,372,1,1,2,4
18013,2,187.29,154,1,2,3,6
18014,1,162.22,27,1,4,2,7
18015,1,120.03,3,1,5,2,8
18016,5,1477.66,31,4,4,4,12
18017,3,523.0,80,3,2,4,9
18018,2,122.14,107,1,2,3,6
18019,1,38.45,51,1,3,2,6
18022,1,612.72,35,3,3,2,8
18024,2,389.78,152,2,2,3,7
18027,1,115.31,98,1,2,2,5
18030,2,230.64999999999998,3,1,5,3,9
18032,1,73.5,333,1,1,2,4
18033,1,93.82000000000001,64,1,3,2,6
18034,2,418.68,21,2,4,3,9
18035,3,713.89,35,3,3,4,10
18036,3,403.12,31,2,4,4,10
18037,6,70.02,153,1,2,5,8
18040,2,357.20000000000005,18,2,4,3,9
18041,21,4097.37,11,5,5,5,15
18042,1,165.04999999999998,53,1,3,2,6
18043,3,529.29,24,3,4,4,11
18044,10,2088.6,3,5,5,5,15
18045,1,178.34,44,1,3,2,6
18048,2,172.29000000000002,202,1,1,3,5
18050,1,74.4,358,1,1,2,4
18053,1,300.02,70,2,3,2,7
18055,10,6761.34,6,5,5,5,15
18056,1,363.65,287,2,1,2,5
18058,1,170.16,9,1,5,2,8
18059,3,306.46,22,2,4,4,10
18061,10,2119.41,21,5,4,5,14
18062,3,720.52,172,3,2,4,9
18064,2,814.0,132,3,2,3,8
18065,14,2392.83,5,5,5,5,15
18066,1,318.0,74,2,2,2,6
18067,1,396.33,39,2,3,2,7
18068,1,101.69999999999999,288,1,1,2,4
18069,5,2009.24,25,4,4,4,12
18071,2,453.0,257,2,1,3,6
18072,1,247.44,185,1,1,2,4
18073,12,3859.82,113,5,2,5,12
18074,1,489.6,373,3,1,2,6
18075,10,2611.75,22,5,4,5,14
18077,11,2584.41,7,5,5,5,15
18078,2,336.13,216,2,1,3,6
18079,4,3613.15,44,5,3,4,12
18080,2,1231.5,18,4,4,3,11
18081,3,343.45,35,2,3,4,9
18082,1,680.84,25,3,4,2,9
18084,1,90.47999999999999,15,1,4,2,7
18085,2,689.95,329,3,1,3,7
18086,1,101.34,273,1,1,2,4
18087,2,4055.7199999999993,97,5,2,3,10
18088,1,166.03,60,1,3,2,6
18092,11,9068.26,1,5,5,5,15
18093,4,2106.52,92,5,2,4,11
18094,7,3017.3,81,5,2,5,12
18095,2,580.0500000000001,312,3,1,3,7
18096,3,849.06,11,3,5,4,12
18097,6,2662.4,7,5,5,5,15
18099,1,168.31,126,1,2,2,5
18101,2,222.4,10,1,5,3,9
18102,60,259657.3,0,5,5,5,15
18104,1,754.64,36,3,3,2,8
18105,1,113.48000000000002,37,1,3,2,6
18106,1,421.9,329,2,1,2,5
18108,1,271.0,253,2,1,2,5
18109,26,8004.92,1,5,5,5,15
18110,1,198.8,19,1,4,2,7
18112,2,352.69,11,2,5,3,10
18113,1,76.32000000000001,368,1,1,2,4
18114,1,220.1,289,1,1,2,4
18116,8,1403.1100000000001,67,4,3,5,12
18117,1,315.65,25,2,4,2,8
18118,26,5625.08,10,5,5,5,15
18119,1,180.7,367,1,1,2,4
18120,1,111.15,213,1,1,2,4
18121,2,653.3,148,3,2,3,8
18122,6,1793.06,7,4,5,5,14
18123,2,574.4399999999999,23,3,4,3,10
18125,4,1131.75,29,4,4,4,12
18126,1,200.92000000000002,60,1,3,2,6
18127,3,347.08,18,2,4,4,10
18129,1,112.55000000000001,242,1,1,2,4
18130,3,1059.39,14,4,4,4,12
18133,1,931.4999999999999,211,3,1,2,6
18135,5,681.9100000000001,28,3,4,4,11
18136,3,784.33,62,3,3,4,10
18138,1,152.65,294,1,1,2,4
18139,6,8438.34,17,5,4,5,14
18142,2,1019.52,156,4,2,3,9
18143,2,1000.16,116,4,2,3,9
18144,12,2888.75,7,5,5,5,15
18145,4,2861.55,12,5,5,4,14
18146,2,160.35000000000002,140,1,2,3,6
18147,2,179.33999999999997,45,1,3,3,7
18149,3,612.0799999999999,50,3,3,4,10
18150,3,566.58,31,3,4,4,11
18151,2,653.35,134,3,2,3,8
18154,2,399.19,2,2,5,3,10
18155,3,371.62,74,2,2,4,8
18156,2,675.64,12,3,5,3,11
18158,2,453.4,8,2,5,3,10
18159,1,530.15,300,3,1,2,6
18160,2,638.0600000000001,56,3,3,3,9
18161,5,1618.69,14,4,4,4,12
18164,1,399.65000000000003,36,2,3,2,7
18165,1,302.46000000000004,176,2,2,2,6
18167,3,1384.8600000000001,22,4,4,4,12
18168,6,1160.04,175,4,2,5,11
18169,1,202.65,60,1,3,2,6
18170,3,980.31,32,4,4,4,12
18171,5,1231.31,58,4,3,4,11
18172,20,7561.68,14,5,4,5,14
18173,4,2106.84,86,5,2,4,11
18174,1,104.0,6,1,5,2,8
18176,1,476.35,357,2,1,2,5
18177,6,1340.8700000000001,30,4,4,5,13
18178,4,1590.81,128,4,2,4,10
18179,6,1793.17,8,4,5,5,14
18180,6,1843.75,4,4,5,5,14
18181,1,366.85,23,2,4,2,8
18183,2,632.07,226,3,1,3,7
18184,1,49.8,14,1,4,2,7
18185,1,304.25,248,2,1,2,5
18188,3,2001.04,14,4,4,4,12
18189,2,1090.24,77,4,2,3,9
18190,2,284.46000000000004,191,2,1,3,6
18191,1,207.79999999999998,261,1,1,2,4
18192,1,957.97,71,4,3,2,9
18193,1,243.76,164,1,2,2,5
18194,1,973.8399999999999,81,4,2,2,8
18196,2,686.63,94,3,2,3,8
18198,17,5425.56,3,5,5,5,15
18200,1,150.35,105,1,2,2,5
18202,3,1396.99,199,4,1,4,9
18203,1,160.42000000000002,156,1,2,2,5
18204,3,1975.35,70,4,3,4,11
18205,2,517.36,35,3,3,3,9
18209,1,139.10000000000002,28,1,4,2,7
18210,6,2621.38,1,5,5,5,15
18211,5,600.07,25,3,4,4,11
18212,1,216.07,325,1,1,2,4
18213,1,232.48000000000002,236,1,1,2,4
18215,1,299.34000000000003,88,2,2,2,6
18216,1,481.75,30,2,4,2,8
18217,2,621.75,28,3,4,3,10
18218,2,641.92,210,3,1,3,7
18219,10,2069.77,2,5,5,5,15
18220,1,305.28000000000003,226,2,1,2,5
18221,5,1041.61,21,4,4,4,12
18222,1,443.0,92,2,2,2,6
18223,14,6484.54,4,5,5,5,15
18224,1,158.95000000000002,263,1,1,2,4
18225,12,5504.96,2,5,5,5,15
18226,11,5228.05,43,5,3,5,13
18227,1,93.75,217,1,1,2,4
18228,2,779.9,56,3,3,3,9
18229,20,7276.900000000001,11,5,5,5,15
18230,7,2810.2000000000003,8,5,5,5,15
18231,5,2071.77,191,5,1,4,10
18232,4,592.97,81,3,2,4,9
18233,1,440.0,325,2,1,2,5
18235,3,1796.48,71,4,3,4,11
18236,6,882.24,29,3,4,5,12
18237,5,987.1,2,4,5,4,13
18239,5,1561.6100000000001,218,4,1,4,9
18240,1,422.58,45,2,3,2,7
18241,17,2073.09,9,5,5,5,15
18242,4,2232.4900000000002,71,5,3,4,12
18245,7,2567.06,6,5,5,5,15
18246,2,596.1,23,3,4,3,10
18248,2,804.02,122,3,2,3,8
18249,1,95.34,16,1,4,2,7
18250,1,349.27,309,2,1,2,5
18251,1,4314.72,86,5,2,2,9
18252,2,518.27,50,3,3,3,9
18255,1,103.3,88,1,2,2,5
18257,8,2337.63,38,5,3,5,13
18259,3,2338.6000000000004,24,5,4,4,13
18260,6,2628.35,172,5,2,5,12
18261,2,324.24,42,2,3,3,8
18262,1,149.48,139,1,2,2,5
18263,3,1213.1599999999999,25,4,4,4,12
18265,2,801.51,71,3,3,3,9
18268,1,25.5,133,1,2,2,5
18269,1,168.6,365,1,1,2,4
18270,2,283.15,37,2,3,3,8
18272,6,3078.58,2,5,5,5,15
18273,3,204.0,1,1,5,4,10
18274,1,175.92,29,1,4,2,7
18276,1,335.86,43,2,3,2,7
18277,1,110.38,57,1,3,2,6
18278,1,173.9,73,1,2,2,5
18280,1,180.60000000000002,277,1,1,2,4
18281,1,80.82,180,1,1,2,4
18282,2,178.05,7,1,5,3,9
18283,16,2045.53,3,4,5,5,14
18287,3,1837.28,42,4,3,4,11
